polled_at,ship,gps_time,mission_time,latitude,longitude,altitude,speed
2026-09-28T12:48:43.522224+00:00,ship41,1474634911.180039,72.633423,25.996818,-97.158042,96.995812,0
2026-09-28T12:48:54.868565+00:00,ship41,1474634941.180499,102.634017,25.996816,-97.158036,96.220226,0
2026-09-28T12:49:06.222629+00:00,ship41,1474634941.180499,102.634017,25.996816,-97.158036,96.220226,0
2026-09-28T12:49:17.498637+00:00,ship41,1474634941.180499,102.634017,25.996816,-97.158036,96.220226,0
2026-09-28T12:49:28.622667+00:00,ship41,1474634971.181019,12.634661,25.996628,-97.157989,419.380386,0
2026-09-28T12:49:39.702696+00:00,ship41,1474634971.181019,12.634661,25.996628,-97.157989,419.380386,0
2026-09-28T12:49:51.355232+00:00,ship41,1474634971.181019,12.634661,25.996628,-97.157989,419.380386,0
2026-09-28T12:50:02.451956+00:00,ship41,1474635011.1817,52.635512,25.987756,-97.13754,7403.299304,0
2026-09-28T12:50:14.369686+00:00,ship41,1474635011.1817,52.635512,25.987756,-97.13754,7403.299304,0
2026-09-28T12:50:25.480244+00:00,ship41,1474635041.182214,82.636159,25.958536,-97.048103,18770.078009,0
2026-09-28T12:50:36.800546+00:00,ship41,1474635041.182214,82.636159,25.958536,-97.048103,18770.078009,0
2026-09-28T12:50:48.215752+00:00,ship41,1474635041.182214,82.636159,25.958536,-97.048103,18770.078009,0
2026-09-28T12:50:59.426933+00:00,ship41,1474635071.18273,112.636803,25.893819,-96.830296,35491.639014,0
2026-09-28T12:51:10.958425+00:00,ship41,1474635071.18273,112.636803,25.893819,-96.830296,35491.639014,0
2026-09-28T12:51:22.267800+00:00,ship41,1474635071.18273,112.636803,25.893819,-96.830296,35491.639014,0
2026-09-28T12:51:33.828994+00:00,ship41,1474635101.183244,142.63745,25.782539,-96.456625,57624.194241,0
2026-09-28T12:51:45.095069+00:00,ship41,1474635101.183244,142.63745,25.782539,-96.456625,57624.194241,0
2026-09-28T12:51:56.508048+00:00,ship41,1474635131.183749,172.638079,25.645523,-96.004792,78185.689676,0
2026-09-28T12:52:07.801866+00:00,ship41,1474635131.183749,172.638079,25.645523,-96.004792,78185.689676,0
2026-09-28T12:52:19.030323+00:00,ship41,1474635131.183749,172.638079,25.645523,-96.004792,78185.689676,0
2026-09-28T12:52:30.240061+00:00,ship41,1474635161.184274,202.638732,25.4873,-95.496129,96025.10231,0
2026-09-28T12:52:41.661323+00:00,ship41,1474635161.184274,202.638732,25.4873,-95.496129,96025.10231,0
2026-09-28T12:52:52.830206+00:00,ship41,1474635161.184274,202.638732,25.4873,-95.496129,96025.10231,0
2026-09-28T12:53:04.324184+00:00,ship41,1474635191.184749,232.639335,25.304168,-94.929211,112109.153602,0
2026-09-28T12:53:15.524926+00:00,ship41,1474635191.184749,232.639335,25.304168,-94.929211,112109.153602,0
2026-09-28T12:53:26.740603+00:00,ship41,1474635221.185304,262.640008,25.091282,-94.301103,127290.959222,0
2026-09-28T12:53:38.007872+00:00,ship41,1474635221.185304,262.640008,25.091282,-94.301103,127290.959222,0
2026-09-28T12:53:49.223315+00:00,ship41,1474635221.185304,262.640008,25.091282,-94.301103,127290.959222,0
2026-09-28T12:54:00.307419+00:00,ship41,1474635251.185825,292.640679,24.838564,-93.593957,140462.919942,0
2026-09-28T12:54:11.577199+00:00,ship41,1474635251.185825,292.640679,24.838564,-93.593957,140462.919942,0
2026-09-28T12:54:23.200094+00:00,ship41,1474635251.185825,292.640679,24.838564,-93.593957,140462.919942,0
2026-09-28T12:54:35.057329+00:00,ship41,1474635281.186333,322.641298,24.535711,-92.788287,148716.733741,0
2026-09-28T12:54:46.278978+00:00,ship41,1474635281.186333,322.641298,24.535711,-92.788287,148716.733741,0
2026-09-28T12:54:58.113627+00:00,ship41,1474635281.186333,322.641298,24.535711,-92.788287,148716.733741,0
2026-09-28T12:55:09.408409+00:00,ship41,1474635311.18685,352.641945,24.176334,-91.865169,149165.101237,0
2026-09-28T12:55:20.670495+00:00,ship41,1474635311.18685,352.641945,24.176334,-91.865169,149165.101237,0
2026-09-28T12:55:32.197753+00:00,ship41,1474635341.187366,382.642587,23.781727,-90.803199,147188.56879,0
2026-09-28T12:55:43.362307+00:00,ship41,1474635341.187366,382.642587,23.781727,-90.803199,147188.56879,0
2026-09-28T12:55:54.535721+00:00,ship41,1474635341.187366,382.642587,23.781727,-90.803199,147188.56879,0
2026-09-28T12:56:05.961449+00:00,ship41,1474635371.187885,412.643241,23.386847,-89.581354,147775.571951,0
2026-09-28T12:56:17.052845+00:00,ship41,1474635371.187885,412.643241,23.386847,-89.581354,147775.571951,0
2026-09-28T12:56:28.101182+00:00,ship41,1474635371.187885,412.643241,23.386847,-89.581354,147775.571951,0
2026-09-28T12:56:39.323657+00:00,ship41,1474635401.188394,442.643882,22.955085,-88.164789,152665.907984,0
2026-09-28T12:56:50.408700+00:00,ship41,1474635401.188394,442.643882,22.955085,-88.164789,152665.907984,0
2026-09-28T12:57:01.496126+00:00,ship41,1474635401.188394,442.643882,22.955085,-88.164789,152665.907984,0
2026-09-28T12:57:12.813997+00:00,ship41,1474635431.188915,472.644534,22.46956,-86.523903,159157.77372,0
2026-09-28T12:57:23.908963+00:00,ship41,1474635431.188915,472.644534,22.46956,-86.523903,159157.77372,0
2026-09-28T12:57:38.954113+00:00,ship41,1474635471.189595,512.645382,21.559894,-84.037466,166433.886014,0
2026-09-28T12:57:50.526883+00:00,ship41,1474635471.189595,512.645382,21.559894,-84.037466,166433.886014,0
2026-09-28T12:58:02.627500+00:00,ship41,1474635471.189595,512.645382,21.559894,-84.037466,166433.886014,0
2026-09-28T12:58:13.829987+00:00,ship41,1474635501.19011,542.64603,20.770937,-82.145839,171935.03966,0
2026-09-28T12:58:25.407941+00:00,ship41,1474635501.19011,542.64603,20.770937,-82.145839,171935.03966,0
2026-09-28T12:58:37.157601+00:00,ship41,1474635531.190625,572.646675,19.959746,-80.278306,177345.28319,0
2026-09-28T12:58:48.394282+00:00,ship41,1474635531.190625,572.646675,19.959746,-80.278306,177345.28319,0
2026-09-28T12:58:59.700971+00:00,ship41,1474635531.190625,572.646675,19.959746,-80.278306,177345.28319,0
2026-09-28T12:59:12.717700+00:00,ship41,1474635561.19114,602.647318,19.128032,-78.435053,182656.005887,0
2026-09-28T12:59:23.922862+00:00,ship41,1474635561.19114,602.647318,19.128032,-78.435053,182656.005887,0
2026-09-28T12:59:36.396010+00:00,ship41,1474635591.191655,632.647964,18.276731,-76.6145,187865.477604,0
2026-09-28T12:59:49.040716+00:00,ship41,1474635591.191655,632.647964,18.276731,-76.6145,187865.477604,0
2026-09-28T13:00:00.312914+00:00,ship41,1474635591.191655,632.647964,18.276731,-76.6145,187865.477604,0
2026-09-28T13:00:11.802114+00:00,ship41,1474635621.192169,662.648609,17.407162,-74.815939,192965.559715,0
2026-09-28T13:00:23.011613+00:00,ship41,1474635621.192169,662.648609,17.407162,-74.815939,192965.559715,0
2026-09-28T13:00:34.760013+00:00,ship41,1474635621.192169,662.648609,17.407162,-74.815939,192965.559715,0
2026-09-28T13:00:45.925567+00:00,ship41,1474635651.192691,692.649261,16.520591,-73.038549,197952.961041,0
2026-09-28T13:00:57.163900+00:00,ship41,1474635651.192691,692.649261,16.520591,-73.038549,197952.961041,0
2026-09-28T13:01:08.615932+00:00,ship41,1474635681.1932,722.649901,15.618165,-71.281321,202819.97336,0
2026-09-28T13:01:19.983409+00:00,ship41,1474635681.1932,722.649901,15.618165,-71.281321,202819.97336,0
2026-09-28T13:01:31.053839+00:00,ship41,1474635681.1932,722.649901,15.618165,-71.281321,202819.97336,0
2026-09-28T13:01:42.691315+00:00,ship41,1474635711.193721,752.650552,14.70106,-69.543287,207564.43397,0
2026-09-28T13:01:53.970152+00:00,ship41,1474635711.193721,752.650552,14.70106,-69.543287,207564.43397,0
2026-09-28T13:02:05.223751+00:00,ship41,1474635711.193721,752.650552,14.70106,-69.543287,207564.43397,0
2026-09-28T13:02:16.909870+00:00,ship41,1474635741.194229,782.651214,13.771027,-67.824549,212179.859814,0
2026-09-28T13:02:28.486801+00:00,ship41,1474635741.194229,782.651214,13.771027,-67.824549,212179.859814,0
2026-09-28T13:02:40.354762+00:00,ship41,1474635771.194748,812.651839,12.827316,-66.120646,216669.749191,0
2026-09-28T13:02:51.637342+00:00,ship41,1474635771.194748,812.651839,12.827316,-66.120646,216669.749191,0
2026-09-28T13:03:03.017563+00:00,ship41,1474635771.194748,812.651839,12.827316,-66.120646,216669.749191,0
2026-09-28T13:03:14.460853+00:00,ship41,1474635801.195258,842.65248,11.872859,-64.433884,221021.145736,0
2026-09-28T13:03:26.058026+00:00,ship41,1474635801.195258,842.65248,11.872859,-64.433884,221021.145736,0
2026-09-28T13:03:37.932097+00:00,ship41,1474635801.195258,842.65248,11.872859,-64.433884,221021.145736,0
2026-09-28T13:03:49.814109+00:00,ship41,1474635831.195756,872.65311,10.908071,-62.762017,225235.666641,0
2026-09-28T13:04:02.913737+00:00,ship41,1474635831.195756,872.65311,10.908071,-62.762017,225235.666641,0
2026-09-28T13:04:17.322211+00:00,ship41,1474635861.196288,902.653771,9.934012,-61.103943,229306.323251,0
2026-09-28T13:04:30.057332+00:00,ship41,1474635861.196288,902.653771,9.934012,-61.103943,229306.323251,0
2026-09-28T13:04:41.818980+00:00,ship41,1474635891.19681,932.654402,8.952988,-59.460693,233222.250396,0
2026-09-28T13:04:53.163700+00:00,ship41,1474635891.19681,932.654402,8.952988,-59.460693,233222.250396,0
2026-09-28T13:05:05.599750+00:00,ship41,1474635891.19681,932.654402,8.952988,-59.460693,233222.250396,0
2026-09-28T13:05:16.703042+00:00,ship41,1474635921.197319,962.65506,7.962705,-57.825687,236997.146707,0
2026-09-28T13:05:28.632611+00:00,ship41,1474635921.197319,962.65506,7.962705,-57.825687,236997.146707,0
2026-09-28T13:05:39.798097+00:00,ship41,1474635921.197319,962.65506,7.962705,-57.825687,236997.146707,0
2026-09-28T13:05:51.410606+00:00,ship41,1474635951.197837,992.655714,6.967354,-56.203138,240613.550108,0
2026-09-28T13:06:06.449950+00:00,ship41,1474635951.197837,992.655714,6.967354,-56.203138,240613.550108,0
2026-09-28T13:06:17.334314+00:00,ship41,1474635981.198349,1022.65635,5.964625,-54.586587,244077.578056,0
2026-09-28T13:06:29.708922+00:00,ship41,1474635981.198349,1022.65635,5.964625,-54.586587,244077.578056,0
2026-09-28T13:06:40.588967+00:00,ship41,1474635981.198349,1022.65635,5.964625,-54.586587,244077.578056,0
2026-09-28T13:06:51.436102+00:00,ship41,1474636021.199041,1062.657275,4.626644,-52.452732,248425.943704,0
2026-09-28T13:07:02.846053+00:00,ship41,1474636021.199041,1062.657275,4.626644,-52.452732,248425.943704,0
2026-09-28T13:07:14.367594+00:00,ship41,1474636051.199549,1092.657851,3.612841,-50.849921,251516.745257,0
2026-09-28T13:07:25.817275+00:00,ship41,1474636051.199549,1092.657851,3.612841,-50.849921,251516.745257,0
2026-09-28T13:07:38.475812+00:00,ship41,1474636051.199549,1092.657851,3.612841,-50.849921,251516.745257,0
2026-09-28T13:07:49.717434+00:00,ship41,1474636081.200064,1122.658557,2.599283,-49.256608,254431.358561,0
2026-09-28T13:08:01.627496+00:00,ship41,1474636081.200064,1122.658557,2.599283,-49.256608,254431.358561,0
2026-09-28T13:08:13.380859+00:00,ship41,1474636111.200578,1152.659203,1.584886,-47.668514,257174.022744,0
2026-09-28T13:08:24.613938+00:00,ship41,1474636111.200578,1152.659203,1.584886,-47.668514,257174.022744,0
2026-09-28T13:08:36.486263+00:00,ship41,1474636111.200578,1152.659203,1.584886,-47.668514,257174.022744,0
2026-09-28T13:08:48.395472+00:00,ship41,1474636141.201094,1182.659828,0.5706,-46.084574,259741.807052,0
2026-09-28T13:09:00.541935+00:00,ship41,1474636141.201094,1182.659828,0.5706,-46.084574,259741.807052,0
2026-09-28T13:09:12.972980+00:00,ship41,1474636141.201094,1182.659828,0.5706,-46.084574,259741.807052,0
2026-09-28T13:09:25.098801+00:00,ship41,1474636171.201608,1212.660494,-0.444858,-44.500276,262138.955368,0
2026-09-28T13:09:37.723922+00:00,ship41,1474636171.201608,1212.660494,-0.444858,-44.500276,262138.955368,0
2026-09-28T13:09:50.233634+00:00,ship41,1474636201.202123,1242.661139,-1.458549,-42.917722,264355.313416,0
2026-09-28T13:10:03.003785+00:00,ship41,1474636201.202123,1242.661139,-1.458549,-42.917722,264355.313416,0
2026-09-28T13:10:14.475987+00:00,ship41,1474636201.202123,1242.661139,-1.458549,-42.917722,264355.313416,0
2026-09-28T13:10:26.253279+00:00,ship41,1474636231.202638,1272.661742,-2.469645,-41.335744,266388.146485,0
2026-09-28T13:10:38.180127+00:00,ship41,1474636231.202638,1272.661742,-2.469645,-41.335744,266388.146485,0
2026-09-28T13:10:50.644646+00:00,ship41,1474636261.203152,1302.662368,-3.478649,-39.751038,268242.878337,0
2026-09-28T13:11:02.738284+00:00,ship41,1474636261.203152,1302.662368,-3.478649,-39.751038,268242.878337,0
2026-09-28T13:11:15.255520+00:00,ship41,1474636291.203673,1332.663077,-4.484685,-38.162513,269914.080851,0
2026-09-28T13:11:30.619601+00:00,ship41,1474636291.203673,1332.663077,-4.484685,-38.162513,269914.080851,0
2026-09-28T13:11:42.365864+00:00,ship41,1474636291.203673,1332.663077,-4.484685,-38.162513,269914.080851,0
2026-09-28T13:11:53.699250+00:00,ship41,1474636321.204183,1362.663717,-5.48557,-36.571122,271397.750291,0
2026-09-28T13:12:06.116467+00:00,ship41,1474636321.204183,1362.663717,-5.48557,-36.571122,271397.750291,0
2026-09-28T13:12:18.515527+00:00,ship41,1474636351.204704,1392.664374,-6.47712,-34.981116,272688.436859,0
2026-09-28T13:12:29.774248+00:00,ship41,1474636351.204704,1392.664374,-6.47712,-34.981116,272688.436859,0
2026-09-28T13:12:40.765588+00:00,ship41,1474636351.204704,1392.664374,-6.47712,-34.981116,272688.436859,0
2026-09-28T13:12:51.993204+00:00,ship41,1474636381.205212,1422.665007,-7.4704,-33.372155,273799.157626,0
2026-09-28T13:13:03.105474+00:00,ship41,1474636381.205212,1422.665007,-7.4704,-33.372155,273799.157626,0
2026-09-28T13:13:14.726463+00:00,ship41,1474636381.205212,1422.665007,-7.4704,-33.372155,273799.157626,0
2026-09-28T13:13:25.864736+00:00,ship41,1474636411.205739,1452.665664,-8.452628,-31.762316,274714.131213,0
2026-09-28T13:13:37.771622+00:00,ship41,1474636411.205739,1452.665664,-8.452628,-31.762316,274714.131213,0
2026-09-28T13:13:48.913938+00:00,ship41,1474636411.205739,1452.665664,-8.452628,-31.762316,274714.131213,0
2026-09-28T13:14:00.284114+00:00,ship41,1474636441.206242,1482.666296,-9.42687,-30.144149,275440.248231,0
2026-09-28T13:14:12.929189+00:00,ship41,1474636441.206242,1482.666296,-9.42687,-30.144149,275440.248231,0
2026-09-28T13:14:24.368513+00:00,ship41,1474636471.206711,1512.666856,-10.391018,-28.518609,275969.495234,0
2026-09-28T13:14:35.693132+00:00,ship41,1474636471.206711,1512.666856,-10.391018,-28.518609,275969.495234,0
2026-09-28T13:14:47.146136+00:00,ship41,1474636471.206711,1512.666856,-10.391018,-28.518609,275969.495234,0
2026-09-28T13:14:58.482165+00:00,ship41,1474636501.207271,1542.667579,-11.354864,-26.863433,276168.08474,0
2026-09-28T13:15:09.917656+00:00,ship41,1474636501.207271,1542.667579,-11.354864,-26.863433,276168.08474,0
2026-09-28T13:15:21.233208+00:00,ship41,1474636501.207271,1542.667579,-11.354864,-26.863433,276168.08474,0
2026-09-28T13:15:32.634093+00:00,ship41,1474636531.207729,1572.668135,-12.309352,-25.192332,276261.664236,0
2026-09-28T13:15:43.819173+00:00,ship41,1474636531.207729,1572.668135,-12.309352,-25.192332,276261.664236,0
2026-09-28T13:15:55.715060+00:00,ship41,1474636571.208472,1612.669088,-13.564668,-22.941364,276383.669847,0
2026-09-28T13:16:07.332442+00:00,ship41,1474636571.208472,1612.669088,-13.564668,-22.941364,276383.669847,0
2026-09-28T13:16:18.678357+00:00,ship41,1474636571.208472,1612.669088,-13.564668,-22.941364,276383.669847,0
2026-09-28T13:16:30.026759+00:00,ship41,1474636601.208993,1642.669731,-14.49031,-21.237515,276473.311823,0
2026-09-28T13:16:41.716955+00:00,ship41,1474636601.208993,1642.669731,-14.49031,-21.237515,276473.311823,0
2026-09-28T13:16:52.846497+00:00,ship41,1474636631.209501,1672.670378,-15.401574,-19.518573,276560.735855,0
2026-09-28T13:17:04.892674+00:00,ship41,1474636631.209501,1672.670378,-15.401574,-19.518573,276560.735855,0
2026-09-28T13:17:16.119707+00:00,ship41,1474636631.209501,1672.670378,-15.401574,-19.518573,276560.735855,0
2026-09-28T13:17:27.262791+00:00,ship41,1474636661.210016,1702.671022,-16.29738,-17.7837,276645.370339,0
2026-09-28T13:17:54.464753+00:00,ship41,1474636691.210531,1732.671667,-17.176646,-16.032065,276723.870399,0
2026-09-28T13:18:05.865962+00:00,ship41,1474636691.210531,1732.671667,-17.176646,-16.032065,276723.870399,0
2026-09-28T13:18:16.893239+00:00,ship41,1474636691.210531,1732.671667,-17.176646,-16.032065,276723.870399,0
2026-09-28T13:18:27.960316+00:00,ship41,1474636721.211053,1762.672317,-18.038286,-14.262845,276801.507147,0
2026-09-28T13:18:39.013208+00:00,ship41,1474636721.211053,1762.672317,-18.038286,-14.262845,276801.507147,0
2026-09-28T13:18:50.032595+00:00,ship41,1474636721.211053,1762.672317,-18.038286,-14.262845,276801.507147,0
2026-09-28T13:19:01.193416+00:00,ship41,1474636751.211561,1792.672897,-18.880068,-12.47773,276875.051034,0
2026-09-28T13:19:12.422097+00:00,ship41,1474636751.211561,1792.672897,-18.880068,-12.47773,276875.051034,0
2026-09-28T13:19:23.771873+00:00,ship41,1474636751.211561,1792.672897,-18.880068,-12.47773,276875.051034,0
2026-09-28T13:19:34.871037+00:00,ship41,1474636781.212076,1822.673504,-19.703664,-10.670049,276943.030407,0
2026-09-28T13:19:46.039917+00:00,ship41,1474636781.212076,1822.673504,-19.703664,-10.670049,276943.030407,0
2026-09-28T13:19:57.111602+00:00,ship41,1474636811.212591,1852.674149,-20.505157,-8.845217,277003.43656,0
2026-09-28T13:20:08.371670+00:00,ship41,1474636811.212591,1852.674149,-20.505157,-8.845217,277003.43656,0
2026-09-28T13:20:19.499532+00:00,ship41,1474636811.212591,1852.674149,-20.505157,-8.845217,277003.43656,0
2026-09-28T13:20:31.393008+00:00,ship41,1474636841.213106,1882.674791,-21.283525,-7.002746,277057.799716,0
2026-09-28T13:20:42.493872+00:00,ship41,1474636841.213106,1882.674791,-21.283525,-7.002746,277057.799716,0
2026-09-28T13:20:53.679592+00:00,ship41,1474636841.213106,1882.674791,-21.283525,-7.002746,277057.799716,0
2026-09-28T13:21:05.010591+00:00,ship41,1474636871.21362,1912.675543,-22.039633,-5.137392,277105.900044,0
2026-09-28T13:21:16.286620+00:00,ship41,1474636871.21362,1912.675543,-22.039633,-5.137392,277105.900044,0
2026-09-28T13:21:27.558269+00:00,ship41,1474636871.21362,1912.675543,-22.039633,-5.137392,277105.900044,0
2026-09-28T13:21:38.699116+00:00,ship41,1474636901.214135,1942.67614,-22.773714,-3.2448,277144.496378,0
2026-09-28T13:21:49.865226+00:00,ship41,1474636901.214135,1942.67614,-22.773714,-3.2448,277144.496378,0
2026-09-28T13:22:01.895949+00:00,ship41,1474636931.21465,1972.676783,-23.480224,-1.335937,277177.818037,0
2026-09-28T13:22:13.551372+00:00,ship41,1474636931.21465,1972.676783,-23.480224,-1.335937,277177.818037,0
2026-09-28T13:22:24.583435+00:00,ship41,1474636931.21465,1972.676783,-23.480224,-1.335937,277177.818037,0
2026-09-28T13:22:36.282013+00:00,ship41,1474636961.215164,2002.677475,-24.159933,0.594231,277205.971041,0
2026-09-28T13:22:47.715878+00:00,ship41,1474636961.215164,2002.677475,-24.159933,0.594231,277205.971041,0
2026-09-28T13:22:59.438703+00:00,ship41,1474636991.215686,2032.678021,-24.811708,2.545846,277224.752933,0
2026-09-28T13:23:11.348470+00:00,ship41,1474636991.215686,2032.678021,-24.811708,2.545846,277224.752933,0
2026-09-28T13:23:22.576669+00:00,ship41,1474636991.215686,2032.678021,-24.811708,2.545846,277224.752933,0
2026-09-28T13:23:33.868821+00:00,ship41,1474637021.216194,2062.678661,-25.434362,4.518698,277231.532451,0
2026-09-28T13:23:44.981678+00:00,ship41,1474637021.216194,2062.678661,-25.434362,4.518698,277231.532451,0
2026-09-28T13:23:56.038515+00:00,ship41,1474637021.216194,2062.678661,-25.434362,4.518698,277231.532451,0
2026-09-28T13:24:07.147563+00:00,ship41,1474637051.216709,2092.679345,-26.027206,6.514059,277228.509403,0
2026-09-28T13:24:18.363730+00:00,ship41,1474637051.216709,2092.679345,-26.027206,6.514059,277228.509403,0
2026-09-28T13:24:29.563136+00:00,ship41,1474637051.216709,2092.679345,-26.027206,6.514059,277228.509403,0
2026-09-28T13:24:40.461270+00:00,ship41,1474637081.217223,2122.679969,-26.58723,8.524917,277214.543419,0
2026-09-28T13:24:51.509289+00:00,ship41,1474637081.217223,2122.679969,-26.58723,8.524917,277214.543419,0
2026-09-28T13:25:06.895732+00:00,ship41,1474637121.217914,2162.680816,-27.285538,11.245722,277176.603704,0
2026-09-28T13:25:19.174578+00:00,ship41,1474637121.217914,2162.680816,-27.285538,11.245722,277176.603704,0
2026-09-28T13:25:30.429694+00:00,ship41,1474637121.217914,2162.680816,-27.285538,11.245722,277176.603704,0
2026-09-28T13:25:41.589927+00:00,ship41,1474637151.218425,2192.681439,-27.769419,13.307197,277133.028882,0
2026-09-28T13:25:52.641640+00:00,ship41,1474637151.218425,2192.681439,-27.769419,13.307197,277133.028882,0
2026-09-28T13:26:03.790612+00:00,ship41,1474637181.218947,2222.6821,-28.21763,15.383252,277076.992711,0
2026-09-28T13:26:14.868049+00:00,ship41,1474637181.218947,2222.6821,-28.21763,15.383252,277076.992711,0
2026-09-28T13:26:25.936976+00:00,ship41,1474637181.218947,2222.6821,-28.21763,15.383252,277076.992711,0
2026-09-28T13:26:37.068048+00:00,ship41,1474637211.219454,2252.68268,-28.630759,17.47992,277007.314904,0
2026-09-28T13:26:49.467325+00:00,ship41,1474637211.219454,2252.68268,-28.630759,17.47992,277007.314904,0
2026-09-28T13:27:00.575802+00:00,ship41,1474637211.219454,2252.68268,-28.630759,17.47992,277007.314904,0
2026-09-28T13:27:11.945836+00:00,ship41,1474637241.219975,2282.683415,-29.008475,19.600372,276922.537428,0
2026-09-28T13:27:23.306370+00:00,ship41,1474637241.219975,2282.683415,-29.008475,19.600372,276922.537428,0
2026-09-28T13:27:36.096605+00:00,ship41,1474637271.220484,2312.684033,-29.346991,21.726467,276824.596669,0
2026-09-28T13:27:47.470882+00:00,ship41,1474637271.220484,2312.684033,-29.346991,21.726467,276824.596669,0
2026-09-28T13:27:58.817924+00:00,ship41,1474637271.220484,2312.684033,-29.346991,21.726467,276824.596669,0
2026-09-28T13:28:10.484946+00:00,ship41,1474637301.221005,2342.684683,-29.647969,23.871067,276712.171658,0
2026-09-28T13:28:21.833183+00:00,ship41,1474637301.221005,2342.684683,-29.647969,23.871067,276712.171658,0
2026-09-28T13:28:34.436409+00:00,ship41,1474637301.221005,2342.684683,-29.647969,23.871067,276712.171658,0
2026-09-28T13:28:45.684554+00:00,ship41,1474637331.221513,2372.685301,-29.909811,26.026944,276585.0823,0
2026-09-28T13:28:57.962767+00:00,ship41,1474637331.221513,2372.685301,-29.909811,26.026944,276585.0823,0
2026-09-28T13:29:09.274759+00:00,ship41,1474637361.221985,2402.685958,-30.132658,28.199747,276442.404403,0
2026-09-28T13:29:20.708984+00:00,ship41,1474637361.221985,2402.685958,-30.132658,28.199747,276442.404403,0
2026-09-28T13:29:33.661342+00:00,ship41,1474637361.221985,2402.685958,-30.132658,28.199747,276442.404403,0
2026-09-28T13:29:45.325638+00:00,ship41,1474637391.222543,2432.686547,-30.314577,30.373405,276285.548264,0
2026-09-28T13:29:56.696223+00:00,ship41,1474637391.222543,2432.686547,-30.314577,30.373405,276285.548264,0
2026-09-28T13:30:07.765571+00:00,ship41,1474637421.223058,2462.687235,-30.456326,32.559062,276114.594028,0
2026-09-28T13:30:20.390764+00:00,ship41,1474637421.223058,2462.687235,-30.456326,32.559062,276114.594028,0
2026-09-28T13:30:31.562796+00:00,ship41,1474637421.223058,2462.687235,-30.456326,32.559062,276114.594028,0
2026-09-28T13:30:42.687803+00:00,ship41,1474637451.223572,2492.687919,-30.55727,34.753548,275926.977308,0
2026-09-28T13:30:53.829743+00:00,ship41,1474637451.223572,2492.687919,-30.55727,34.753548,275926.977308,0
2026-09-28T13:31:04.902788+00:00,ship41,1474637451.223572,2492.687919,-30.55727,34.753548,275926.977308,0
2026-09-28T13:31:15.900931+00:00,ship41,1474637481.224086,2522.688541,-30.61685,36.947559,275724.441622,0
2026-09-28T13:31:27.160251+00:00,ship41,1474637481.224086,2522.688541,-30.61685,36.947559,275724.441622,0
2026-09-28T13:31:38.369027+00:00,ship41,1474637481.224086,2522.688541,-30.61685,36.947559,275724.441622,0
2026-09-28T13:31:49.723492+00:00,ship41,1474637511.224602,2552.689171,-30.635148,39.14359,275509.236066,0
2026-09-28T13:32:00.840373+00:00,ship41,1474637511.224602,2552.689171,-30.635148,39.14359,275509.236066,0
2026-09-28T13:32:12.183421+00:00,ship41,1474637541.225116,2582.689815,-30.61209,41.341124,275279.439109,0
2026-09-28T13:32:24.598679+00:00,ship41,1474637541.225116,2582.689815,-30.61209,41.341124,275279.439109,0
2026-09-28T13:32:35.826236+00:00,ship41,1474637541.225116,2582.689815,-30.61209,41.341124,275279.439109,0
2026-09-28T13:32:46.953840+00:00,ship41,1474637571.225631,2612.690515,-30.547525,43.541146,275035.24594,0
2026-09-28T13:32:58.230135+00:00,ship41,1474637571.225631,2612.690515,-30.547525,43.541146,275035.24594,0
2026-09-28T13:33:09.408103+00:00,ship41,1474637571.225631,2612.690515,-30.547525,43.541146,275035.24594,0
2026-09-28T13:33:20.922825+00:00,ship41,1474637611.226316,2652.691333,-30.397724,46.459364,274690.532317,0
2026-09-28T13:33:33.915893+00:00,ship41,1474637611.226316,2652.691333,-30.397724,46.459364,274690.532317,0
2026-09-28T13:33:45.289803+00:00,ship41,1474637641.226845,2682.691933,-30.237735,48.641517,274417.13867,0
2026-09-28T13:33:57.494786+00:00,ship41,1474637641.226845,2682.691933,-30.237735,48.641517,274417.13867,0
2026-09-28T13:34:08.710404+00:00,ship41,1474637641.226845,2682.691933,-30.237735,48.641517,274417.13867,0
2026-09-28T13:34:20.180341+00:00,ship41,1474637671.227348,2712.692606,-30.037197,50.816964,274131.742809,0
2026-09-28T13:34:31.751215+00:00,ship41,1474637671.227348,2712.692606,-30.037197,50.816964,274131.742809,0
2026-09-28T13:34:42.970792+00:00,ship41,1474637671.227348,2712.692606,-30.037197,50.816964,274131.742809,0
2026-09-28T13:34:54.181817+00:00,ship41,1474637701.227868,2742.693294,-29.796326,52.985317,273834.109805,0
2026-09-28T13:35:06.396562+00:00,ship41,1474637701.227868,2742.693294,-29.796326,52.985317,273834.109805,0
2026-09-28T13:35:17.796259+00:00,ship41,1474637731.228377,2772.693914,-29.516541,55.137698,273524.464794,0
2026-09-28T13:35:29.483478+00:00,ship41,1474637731.228377,2772.693914,-29.516541,55.137698,273524.464794,0
2026-09-28T13:35:41.160378+00:00,ship41,1474637731.228377,2772.693914,-29.516541,55.137698,273524.464794,0
2026-09-28T13:35:52.946342+00:00,ship41,1474637761.228898,2802.694582,-29.197579,57.279785,273203.615718,0
2026-09-28T13:36:04.109164+00:00,ship41,1474637761.228898,2802.694582,-29.197579,57.279785,273203.615718,0
2026-09-28T13:36:15.358193+00:00,ship41,1474637761.228898,2802.694582,-29.197579,57.279785,273203.615718,0
2026-09-28T13:36:26.433966+00:00,ship41,1474637791.229406,2832.695187,-28.841281,59.403,272873.908675,0
2026-09-28T13:36:38.458430+00:00,ship41,1474637791.229406,2832.695187,-28.841281,59.403,272873.908675,0
2026-09-28T13:36:50.118099+00:00,ship41,1474637821.229921,2862.695847,-28.446979,61.514646,272535.139103,0
2026-09-28T13:37:01.584939+00:00,ship41,1474637821.229921,2862.695847,-28.446979,61.514646,272535.139103,0
2026-09-28T13:37:13.496612+00:00,ship41,1474637821.229921,2862.695847,-28.446979,61.514646,272535.139103,0
2026-09-28T13:37:24.603580+00:00,ship41,1474637851.230435,2892.696431,-28.016838,63.606398,272187.847179,0
2026-09-28T13:37:35.970882+00:00,ship41,1474637851.230435,2892.696431,-28.016838,63.606398,272187.847179,0
2026-09-28T13:37:47.161870+00:00,ship41,1474637851.230435,2892.696431,-28.016838,63.606398,272187.847179,0
2026-09-28T13:37:58.389876+00:00,ship41,1474637881.230957,2922.697078,-27.550924,65.681536,271833.41272,0
2026-09-28T13:38:10.740377+00:00,ship41,1474637881.230957,2922.697078,-27.550924,65.681536,271833.41272,0
2026-09-28T13:38:21.810174+00:00,ship41,1474637911.231465,2952.697796,-27.049132,67.743128,271470.28322,0
2026-09-28T13:38:33.038143+00:00,ship41,1474637911.231465,2952.697796,-27.049132,67.743128,271470.28322,0
2026-09-28T13:38:44.497052+00:00,ship41,1474637911.231465,2952.697796,-27.049132,67.743128,271470.28322,0
2026-09-28T13:38:55.887017+00:00,ship41,1474637941.231987,2982.698467,-26.515486,69.778199,271102.612135,0
2026-09-28T13:39:07.035479+00:00,ship41,1474637941.231987,2982.698467,-26.515486,69.778199,271102.612135,0
2026-09-28T13:39:18.148661+00:00,ship41,1474637941.231987,2982.698467,-26.515486,69.778199,271102.612135,0
2026-09-28T13:39:29.319675+00:00,ship41,1474637971.232495,3012.699066,-25.949822,71.79172,270731.895053,0
2026-09-28T13:39:40.449248+00:00,ship41,1474637971.232495,3012.699066,-25.949822,71.79172,270731.895053,0
2026-09-28T13:39:52.262751+00:00,ship41,1474638001.233016,3042.699716,-25.352053,73.78721,270356.151728,0
2026-09-28T13:40:03.495128+00:00,ship41,1474638001.233016,3042.699716,-25.352053,73.78721,270356.151728,0
2026-09-28T13:40:14.727332+00:00,ship41,1474638001.233016,3042.699716,-25.352053,73.78721,270356.151728,0
2026-09-28T13:40:25.929167+00:00,ship41,1474638031.233524,3072.70041,-24.722735,75.765608,269976.6442,0
2026-09-28T13:40:37.274336+00:00,ship41,1474638031.233524,3072.70041,-24.722735,75.765608,269976.6442,0
2026-09-28T13:40:49.152281+00:00,ship41,1474638031.233524,3072.70041,-24.722735,75.765608,269976.6442,0
2026-09-28T13:41:00.402636+00:00,ship41,1474638061.23404,3102.70106,-24.065523,77.718801,269596.793564,0
2026-09-28T13:41:11.826831+00:00,ship41,1474638061.23404,3102.70106,-24.065523,77.718801,269596.793564,0
2026-09-28T13:41:23.025488+00:00,ship41,1474638101.234737,3142.701904,-23.14592,80.289938,269089.092161,0
2026-09-28T13:41:34.608080+00:00,ship41,1474638101.234737,3142.701904,-23.14592,80.289938,269089.092161,0
2026-09-28T13:41:45.740486+00:00,ship41,1474638101.234737,3142.701904,-23.14592,80.289938,269089.092161,0
2026-09-28T13:41:57.035086+00:00,ship41,1474638131.23524,3172.702543,-22.425216,82.193589,268709.97687,0
2026-09-28T13:42:08.357574+00:00,ship41,1474638131.23524,3172.702543,-22.425216,82.193589,268709.97687,0
2026-09-28T13:42:19.476662+00:00,ship41,1474638131.23524,3172.702543,-22.425216,82.193589,268709.97687,0
2026-09-28T13:42:30.559315+00:00,ship41,1474638161.235748,3202.703142,-21.679243,84.076257,268331.93532,0
2026-09-28T13:42:41.663038+00:00,ship41,1474638161.235748,3202.703142,-21.679243,84.076257,268331.93532,0
2026-09-28T13:42:52.835249+00:00,ship41,1474638161.235748,3202.703142,-21.679243,84.076257,268331.93532,0
2026-09-28T13:43:04.198628+00:00,ship41,1474638191.236269,3232.70385,-20.909166,85.938246,267958.15963,0
2026-09-28T13:43:15.235622+00:00,ship41,1474638191.236269,3232.70385,-20.909166,85.938246,267958.15963,0
2026-09-28T13:43:27.235161+00:00,ship41,1474638221.23674,3262.704388,-20.116117,87.780026,267587.232685,0
2026-09-28T13:43:39.174949+00:00,ship41,1474638221.23674,3262.704388,-20.116117,87.780026,267587.232685,0
2026-09-28T13:43:51.160068+00:00,ship41,1474638221.23674,3262.704388,-20.116117,87.780026,267587.232685,0
2026-09-28T13:44:05.753573+00:00,ship41,1474638251.237299,3292.705121,-19.301839,89.60076,267221.482965,0
2026-09-28T13:44:17.927148+00:00,ship41,1474638251.237299,3292.705121,-19.301839,89.60076,267221.482965,0
2026-09-28T13:44:29.770818+00:00,ship41,1474638281.237813,3322.705723,-18.465821,91.404686,266861.748873,0
2026-09-28T13:44:41.692063+00:00,ship41,1474638281.237813,3322.705723,-18.465821,91.404686,266861.748873,0
2026-09-28T13:44:53.203572+00:00,ship41,1474638281.237813,3322.705723,-18.465821,91.404686,266861.748873,0
2026-09-28T13:45:05.639004+00:00,ship41,1474638311.238328,3352.706352,-17.610848,93.188835,266510.680941,0
2026-09-28T13:45:17.240251+00:00,ship41,1474638311.238328,3352.706352,-17.610848,93.188835,266510.680941,0
2026-09-28T13:45:28.932041+00:00,ship41,1474638341.23885,3382.707081,-16.7375,94.955065,266166.654503,0
2026-09-28T13:45:40.728890+00:00,ship41,1474638341.23885,3382.707081,-16.7375,94.955065,266166.654503,0
2026-09-28T13:45:52.731749+00:00,ship41,1474638341.23885,3382.707081,-16.7375,94.955065,266166.654503,0
2026-09-28T13:46:04.777574+00:00,ship41,1474638371.239357,3412.707678,-15.846877,96.704194,265831.824267,0
2026-09-28T13:46:16.283197+00:00,ship41,1474638371.239357,3412.707678,-15.846877,96.704194,265831.824267,0
2026-09-28T13:46:29.498451+00:00,ship41,1474638401.239872,3442.708361,-14.94009,98.436988,265508.419082,0
2026-09-28T13:46:40.821224+00:00,ship41,1474638401.239872,3442.708361,-14.94009,98.436988,265508.419082,0
2026-09-28T13:46:52.955284+00:00,ship41,1474638401.239872,3442.708361,-14.94009,98.436988,265508.419082,0
2026-09-28T13:47:04.463843+00:00,ship41,1474638431.240387,3472.708948,-14.01824,100.154289,265195.022404,0
2026-09-28T13:47:15.540065+00:00,ship41,1474638431.240387,3472.708948,-14.01824,100.154289,265195.022404,0
2026-09-28T13:47:26.697145+00:00,ship41,1474638431.240387,3472.708948,-14.01824,100.154289,265195.022404,0
2026-09-28T13:47:38.128517+00:00,ship41,1474638461.240909,3502.709617,-13.082405,101.85697,264893.717059,0
2026-09-28T13:47:49.725931+00:00,ship41,1474638461.240909,3502.709617,-13.082405,101.85697,264893.717059,0
2026-09-28T13:48:01.147285+00:00,ship41,1474638491.241417,3532.710254,-12.132985,103.547123,264608.189163,0
2026-09-28T13:48:13.580250+00:00,ship41,1474638491.241417,3532.710254,-12.132985,103.547123,264608.189163,0
2026-09-28T13:48:24.780753+00:00,ship41,1474638491.241417,3532.710254,-12.132985,103.547123,264608.189163,0
2026-09-28T13:48:35.970640+00:00,ship41,1474638521.241931,3562.71088,-11.172297,105.223437,264334.47853,0
2026-09-28T13:48:47.596105+00:00,ship41,1474638521.241931,3562.71088,-11.172297,105.223437,264334.47853,0
2026-09-28T13:48:59.393379+00:00,ship41,1474638521.241931,3562.71088,-11.172297,105.223437,264334.47853,0
2026-09-28T13:49:10.602309+00:00,ship41,1474638551.242445,3592.711559,-10.202054,106.885795,264076.572893,0
2026-09-28T13:49:22.156387+00:00,ship41,1474638551.242445,3592.711559,-10.202054,106.885795,264076.572893,0
2026-09-28T13:49:33.951609+00:00,ship41,1474638581.242961,3622.712147,-9.222639,108.536348,263832.555403,0
2026-09-28T13:49:46.318680+00:00,ship41,1474638581.242961,3622.712147,-9.222639,108.536348,263832.555403,0
2026-09-28T13:49:57.895892+00:00,ship41,1474638581.242961,3622.712147,-9.222639,108.536348,263832.555403,0
2026-09-28T13:50:10.451511+00:00,ship41,1474638621.243653,3662.71313,-7.896528,110.733212,263529.39559,0
2026-09-28T13:50:22.431866+00:00,ship41,1474638621.243653,3662.71313,-7.896528,110.733212,263529.39559,0
2026-09-28T13:50:33.803108+00:00,ship41,1474638651.244162,3692.713768,-6.896056,112.365988,263324.972585,0
2026-09-28T13:50:45.350855+00:00,ship41,1474638651.244162,3692.713768,-6.896056,112.365988,263324.972585,0
2026-09-28T13:50:56.562146+00:00,ship41,1474638651.244162,3692.713768,-6.896056,112.365988,263324.972585,0
2026-09-28T13:51:07.700068+00:00,ship41,1474638681.244683,3722.714322,-5.889745,113.990414,263133.783235,0
2026-09-28T13:51:18.790689+00:00,ship41,1474638681.244683,3722.714322,-5.889745,113.990414,263133.783235,0
2026-09-28T13:51:29.816828+00:00,ship41,1474638681.244683,3722.714322,-5.889745,113.990414,263133.783235,0
2026-09-28T13:51:41.216157+00:00,ship41,1474638711.245191,3752.714977,-4.879162,115.606563,262961.000518,0
2026-09-28T13:51:52.455032+00:00,ship41,1474638711.245191,3752.714977,-4.879162,115.606563,262961.000518,0
2026-09-28T13:52:03.763653+00:00,ship41,1474638711.245191,3752.714977,-4.879162,115.606563,262961.000518,0
2026-09-28T13:52:14.804291+00:00,ship41,1474638741.245713,3782.715613,-3.860046,117.223925,262804.483649,0
2026-09-28T13:52:25.910995+00:00,ship41,1474638741.245713,3782.715613,-3.860046,117.223925,262804.483649,0
2026-09-28T13:52:37.091436+00:00,ship41,1474638771.246221,3812.71629,-2.840096,118.832841,262663.683934,0
2026-09-28T13:52:48.339044+00:00,ship41,1474638771.246221,3812.71629,-2.840096,118.832841,262663.683934,0
2026-09-28T13:52:59.538603+00:00,ship41,1474638771.246221,3812.71629,-2.840096,118.832841,262663.683934,0
2026-09-28T13:53:11.463241+00:00,ship41,1474638801.246746,3842.716883,-1.816728,120.43993,262542.268467,0
2026-09-28T13:53:22.652327+00:00,ship41,1474638801.246746,3842.716883,-1.816728,120.43993,262542.268467,0
2026-09-28T13:53:34.254438+00:00,ship41,1474638801.246746,3842.716883,-1.816728,120.43993,262542.268467,0
2026-09-28T13:53:45.388280+00:00,ship41,1474638831.24725,3872.717577,-0.791705,122.045039,262439.579845,0
2026-09-28T13:53:56.738736+00:00,ship41,1474638831.24725,3872.717577,-0.791705,122.045039,262439.579845,0
2026-09-28T13:54:07.759453+00:00,ship41,1474638861.247742,3902.718257,0.235451,123.651527,262357.905742,0
2026-09-28T13:54:19.228643+00:00,ship41,1474638861.247742,3902.718257,0.235451,123.651527,262357.905742,0
2026-09-28T13:54:31.675094+00:00,ship41,1474638861.247742,3902.718257,0.235451,123.651527,262357.905742,0
2026-09-28T13:54:42.894913+00:00,ship41,1474638891.24828,3932.718924,1.261084,125.256258,262295.217368,0
2026-09-28T13:54:54.273082+00:00,ship41,1474638891.24828,3932.718924,1.261084,125.256258,262295.217368,0
2026-09-28T13:55:06.479281+00:00,ship41,1474638891.24828,3932.718924,1.261084,125.256258,262295.217368,0
2026-09-28T13:55:18.054618+00:00,ship41,1474638921.248793,3962.719569,2.285575,126.862348,262251.641335,0
2026-09-28T13:55:31.257786+00:00,ship41,1474638921.248793,3962.719569,2.285575,126.862348,262251.641335,0
2026-09-28T13:55:42.720132+00:00,ship41,1474638951.249309,3992.720155,3.306611,128.468737,262228.632283,0
2026-09-28T13:55:54.104087+00:00,ship41,1474638951.249309,3992.720155,3.306611,128.468737,262228.632283,0
2026-09-28T13:56:05.667740+00:00,ship41,1474638951.249309,3992.720155,3.306611,128.468737,262228.632283,0
2026-09-28T13:56:17.555538+00:00,ship41,1474638981.24983,4022.720845,4.326639,130.08188,262226.990455,0
2026-09-28T13:56:30.264132+00:00,ship41,1474638981.24983,4022.720845,4.326639,130.08188,262226.990455,0
2026-09-28T13:56:41.842384+00:00,ship41,1474639011.250339,4052.721501,5.342663,131.699693,262244.44266,0
2026-09-28T13:56:52.944729+00:00,ship41,1474639011.250339,4052.721501,5.342663,131.699693,262244.44266,0
2026-09-28T13:57:04.529283+00:00,ship41,1474639011.250339,4052.721501,5.342663,131.699693,262244.44266,0
2026-09-28T13:57:17.868339+00:00,ship41,1474639041.250859,4082.722091,6.35167,133.319956,262281.27025,0
2026-09-28T13:57:29.150171+00:00,ship41,1474639041.250859,4082.722091,6.35167,133.319956,262281.27025,0
2026-09-28T13:57:40.367726+00:00,ship41,1474639041.250859,4082.722091,6.35167,133.319956,262281.27025,0
2026-09-28T13:57:51.819773+00:00,ship41,1474639071.251368,4112.722545,7.357405,134.951362,262336.073235,0
2026-09-28T13:58:03.076472+00:00,ship41,1474639071.251368,4112.722545,7.357405,134.951362,262336.073235,0
2026-09-28T13:58:16.439055+00:00,ship41,1474639111.252054,4152.723403,8.68562,137.136064,262438.515877,0
2026-09-28T13:58:27.618974+00:00,ship41,1474639111.252054,4152.723403,8.68562,137.136064,262438.515877,0
2026-09-28T13:58:39.520038+00:00,ship41,1474639111.252054,4152.723403,8.68562,137.136064,262438.515877,0
2026-09-28T13:58:50.637176+00:00,ship41,1474639141.252569,4182.724049,9.672282,138.785242,262536.648788,0
2026-09-28T13:59:01.641585+00:00,ship41,1474639141.252569,4182.724049,9.672282,138.785242,262536.648788,0
2026-09-28T13:59:12.566401+00:00,ship41,1474639141.252569,4182.724049,9.672282,138.785242,262536.648788,0
2026-09-28T13:59:23.774197+00:00,ship41,1474639171.253083,4212.724692,10.649699,140.444702,262652.28611,0
2026-09-28T13:59:34.977404+00:00,ship41,1474639171.253083,4212.724692,10.649699,140.444702,262652.28611,0
2026-09-28T13:59:46.144110+00:00,ship41,1474639201.253598,4242.725339,11.616823,142.115411,262785.147126,0
2026-09-28T13:59:57.549617+00:00,ship41,1474639201.253598,4242.725339,11.616823,142.115411,262785.147126,0
2026-09-28T14:00:08.857654+00:00,ship41,1474639201.253598,4242.725339,11.616823,142.115411,262785.147126,0
2026-09-28T14:00:19.919196+00:00,ship41,1474639231.254113,4272.725967,12.572046,143.797329,262932.933612,0
2026-09-28T14:00:31.735872+00:00,ship41,1474639231.254113,4272.725967,12.572046,143.797329,262932.933612,0
2026-09-28T14:00:43.493404+00:00,ship41,1474639231.254113,4272.725967,12.572046,143.797329,262932.933612,0
2026-09-28T14:00:54.623210+00:00,ship41,1474639261.254628,4302.726629,13.516158,145.494706,263096.956414,0
2026-09-28T14:01:05.780728+00:00,ship41,1474639261.254628,4302.726629,13.516158,145.494706,263096.956414,0
2026-09-28T14:01:16.979780+00:00,ship41,1474639291.255143,4332.727275,14.446243,147.205165,263274.022447,0
2026-09-28T14:01:27.933083+00:00,ship41,1474639291.255143,4332.727275,14.446243,147.205165,263274.022447,0
2026-09-28T14:01:38.935923+00:00,ship41,1474639291.255143,4332.727275,14.446243,147.205165,263274.022447,0
2026-09-28T14:01:49.965649+00:00,ship41,1474639321.255657,4362.728347,15.361257,148.929583,263464.657607,0
2026-09-28T14:02:01.398840+00:00,ship41,1474639321.255657,4362.728347,15.361257,148.929583,263464.657607,0
2026-09-28T14:02:12.761799+00:00,ship41,1474639321.255657,4362.728347,15.361257,148.929583,263464.657607,0
2026-09-28T14:02:23.881819+00:00,ship41,1474639351.256173,4392.728562,16.261932,150.672311,263669.165928,0
2026-09-28T14:02:35.060783+00:00,ship41,1474639351.256173,4392.728562,16.261932,150.672311,263669.165928,0
2026-09-28T14:02:46.186195+00:00,ship41,1474639351.256173,4392.728562,16.261932,150.672311,263669.165928,0
2026-09-28T14:02:58.025587+00:00,ship41,1474639381.256694,4422.729215,17.145313,152.430649,263886.952345,0
2026-09-28T14:03:09.009182+00:00,ship41,1474639381.256694,4422.729215,17.145313,152.430649,263886.952345,0
2026-09-28T14:03:20.190721+00:00,ship41,1474639411.257202,4452.72985,18.010918,154.206568,264116.715912,0
2026-09-28T14:03:31.322333+00:00,ship41,1474639411.257202,4452.72985,18.010918,154.206568,264116.715912,0
2026-09-28T14:03:42.409676+00:00,ship41,1474639411.257202,4452.72985,18.010918,154.206568,264116.715912,0
2026-09-28T14:03:53.466757+00:00,ship41,1474639441.257723,4482.730502,18.857637,156.000844,264357.398155,0
2026-09-28T14:04:04.426257+00:00,ship41,1474639441.257723,4482.730502,18.857637,156.000844,264357.398155,0
2026-09-28T14:04:15.607540+00:00,ship41,1474639441.257723,4482.730502,18.857637,156.000844,264357.398155,0
2026-09-28T14:04:26.777065+00:00,ship41,1474639471.258231,4512.731141,19.684308,157.814087,264608.250757,0
2026-09-28T14:04:38.051161+00:00,ship41,1474639471.258231,4512.731141,19.684308,157.814087,264608.250757,0
2026-09-28T14:04:49.480606+00:00,ship41,1474639471.258231,4512.731141,19.684308,157.814087,264608.250757,0
2026-09-28T14:05:00.475309+00:00,ship41,1474639501.258751,4542.731791,20.489791,159.64693,264867.998689,0
2026-09-28T14:05:11.883817+00:00,ship41,1474639501.258751,4542.731791,20.489791,159.64693,264867.998689,0
2026-09-28T14:05:23.009778+00:00,ship41,1474639531.259261,4572.732431,21.272913,161.499858,265136.108867,0
2026-09-28T14:05:34.020347+00:00,ship41,1474639531.259261,4572.732431,21.272913,161.499858,265136.108867,0
2026-09-28T14:05:45.050658+00:00,ship41,1474639531.259261,4572.732431,21.272913,161.499858,265136.108867,0
2026-09-28T14:05:56.538638+00:00,ship41,1474639571.260026,4612.733368,22.280315,164.002527,265503.453934,0
2026-09-28T14:06:07.867018+00:00,ship41,1474639571.260026,4612.733368,22.280315,164.002527,265503.453934,0
2026-09-28T14:06:19.063556+00:00,ship41,1474639571.260026,4612.733368,22.280315,164.002527,265503.453934,0
2026-09-28T14:06:30.316080+00:00,ship41,1474639601.260462,4642.733933,23.006772,165.904032,265786.699157,0
2026-09-28T14:06:41.513425+00:00,ship41,1474639601.260462,4642.733933,23.006772,165.904032,265786.699157,0
2026-09-28T14:06:52.773952+00:00,ship41,1474639601.260462,4642.733933,23.006772,165.904032,265786.699157,0
2026-09-28T14:07:03.877296+00:00,ship41,1474639631.260983,4672.734602,23.707414,167.827979,266075.413481,0
2026-09-28T14:07:14.867382+00:00,ship41,1474639631.260983,4672.734602,23.707414,167.827979,266075.413481,0
2026-09-28T14:07:25.875658+00:00,ship41,1474639661.261492,4702.735221,24.379755,169.770779,266367.511306,0
2026-09-28T14:07:37.471719+00:00,ship41,1474639661.261492,4702.735221,24.379755,169.770779,266367.511306,0
2026-09-28T14:07:48.704112+00:00,ship41,1474639661.261492,4702.735221,24.379755,169.770779,266367.511306,0
2026-09-28T14:07:59.933446+00:00,ship41,1474639691.262007,4732.735905,25.025243,171.740168,266663.402182,0
2026-09-28T14:08:11.845125+00:00,ship41,1474639691.262007,4732.735905,25.025243,171.740168,266663.402182,0
2026-09-28T14:08:23.556441+00:00,ship41,1474639691.262007,4732.735905,25.025243,171.740168,266663.402182,0
2026-09-28T14:08:34.838300+00:00,ship41,1474639721.262521,4762.736505,25.639693,173.726886,266960.760084,0
2026-09-28T14:08:46.159112+00:00,ship41,1474639721.262521,4762.736505,25.639693,173.726886,266960.760084,0
2026-09-28T14:08:57.492331+00:00,ship41,1474639751.263036,4792.737154,26.222172,175.730581,267259.332017,0
2026-09-28T14:09:08.632501+00:00,ship41,1474639751.263036,4792.737154,26.222172,175.730581,267259.332017,0
2026-09-28T14:09:20.034627+00:00,ship41,1474639751.263036,4792.737154,26.222172,175.730581,267259.332017,0
2026-09-28T14:09:31.560570+00:00,ship41,1474639781.26355,4822.737858,26.774968,177.762931,267559.349938,0
2026-09-28T14:09:43.045890+00:00,ship41,1474639781.26355,4822.737858,26.774968,177.762931,267559.349938,0
2026-09-28T14:09:54.590684+00:00,ship41,1474639781.26355,4822.737858,26.774968,177.762931,267559.349938,0
2026-09-28T14:10:06.855660+00:00,ship41,1474639811.264066,4852.738444,27.293947,179.812747,267858.961839,0
2026-09-28T14:10:18.599258+00:00,ship41,1474639811.264066,4852.738444,27.293947,179.812747,267858.961839,0
2026-09-28T14:10:30.120424+00:00,ship41,1474639841.26458,4882.739171,27.778505,-178.119384,268156.552681,0
2026-09-28T14:10:41.940444+00:00,ship41,1474639841.26458,4882.739171,27.778505,-178.119384,268156.552681,0
2026-09-28T14:10:53.782428+00:00,ship41,1474639841.26458,4882.739171,27.778505,-178.119384,268156.552681,0
2026-09-28T14:11:05.296882+00:00,ship41,1474639871.265095,4912.739831,28.228286,-176.031492,268452.46306,0
2026-09-28T14:11:16.808183+00:00,ship41,1474639871.265095,4912.739831,28.228286,-176.031492,268452.46306,0
2026-09-28T14:11:28.499319+00:00,ship41,1474639871.265095,4912.739831,28.228286,-176.031492,268452.46306,0
2026-09-28T14:11:39.606224+00:00,ship41,1474639901.265611,4942.740383,28.641482,-173.92873,268745.059252,0
2026-09-28T14:11:50.806159+00:00,ship41,1474639901.265611,4942.740383,28.641482,-173.92873,268745.059252,0
2026-09-28T14:12:02.271858+00:00,ship41,1474639931.266124,4972.741085,29.017814,-171.809451,269033.736764,0
2026-09-28T14:12:13.526560+00:00,ship41,1474639931.266124,4972.741085,29.017814,-171.809451,269033.736764,0
2026-09-28T14:12:24.704671+00:00,ship41,1474639931.266124,4972.741085,29.017814,-171.809451,269033.736764,0
2026-09-28T14:12:36.207504+00:00,ship41,1474639961.266639,5002.741706,29.356891,-169.671957,269317.989554,0
2026-09-28T14:12:47.623902+00:00,ship41,1474639961.266639,5002.741706,29.356891,-169.671957,269317.989554,0
2026-09-28T14:12:59.629623+00:00,ship41,1474639961.266639,5002.741706,29.356891,-169.671957,269317.989554,0
2026-09-28T14:13:11.348730+00:00,ship41,1474639991.267154,5032.742413,29.657403,-167.520513,269598.18847,0
2026-09-28T14:13:22.603887+00:00,ship41,1474639991.267154,5032.742413,29.657403,-167.520513,269598.18847,0
2026-09-28T14:13:34.136453+00:00,ship41,1474640031.26784,5072.743273,29.996739,-164.634652,269961.029748,0
2026-09-28T14:13:45.772557+00:00,ship41,1474640031.26784,5072.743273,29.996739,-164.634652,269961.029748,0
2026-09-28T14:13:57.144641+00:00,ship41,1474640031.26784,5072.743273,29.996739,-164.634652,269961.029748,0
2026-09-28T14:14:08.919319+00:00,ship41,1474640061.268355,5102.743874,30.204537,-162.459497,270225.866314,0
2026-09-28T14:14:20.196672+00:00,ship41,1474640061.268355,5102.743874,30.204537,-162.459497,270225.866314,0
2026-09-28T14:14:31.395817+00:00,ship41,1474640061.268355,5102.743874,30.204537,-162.459497,270225.866314,0
2026-09-28T14:14:42.553619+00:00,ship41,1474640091.268875,5132.744547,30.372017,-160.274301,270484.155479,0
2026-09-28T14:14:53.835928+00:00,ship41,1474640091.268875,5132.744547,30.372017,-160.274301,270484.155479,0
2026-09-28T14:15:05.928068+00:00,ship41,1474640121.269384,5162.745205,30.498694,-158.080898,270734.282037,0
2026-09-28T14:15:17.165440+00:00,ship41,1474640121.269384,5162.745205,30.498694,-158.080898,270734.282037,0
2026-09-28T14:15:29.997677+00:00,ship41,1474640121.269384,5162.745205,30.498694,-158.080898,270734.282037,0
2026-09-28T14:15:43.417014+00:00,ship41,1474640151.269906,5192.745759,30.584056,-155.885557,270975.819885,0
2026-09-28T14:15:56.290467+00:00,ship41,1474640151.269906,5192.745759,30.584056,-155.885557,270975.819885,0
2026-09-28T14:16:09.539633+00:00,ship41,1474640181.270414,5222.746514,30.628141,-153.682905,271209.896712,0
2026-09-28T14:16:22.696014+00:00,ship41,1474640181.270414,5222.746514,30.628141,-153.682905,271209.896712,0
2026-09-28T14:16:36.554217+00:00,ship41,1474640211.270935,5252.747148,30.630677,-151.483696,271434.426041,0
2026-09-28T14:16:49.997978+00:00,ship41,1474640211.270935,5252.747148,30.630677,-151.483696,271434.426041,0
2026-09-28T14:17:02.285549+00:00,ship41,1474640211.270935,5252.747148,30.630677,-151.483696,271434.426041,0
2026-09-28T14:17:14.354570+00:00,ship41,1474640241.271443,5282.747766,30.59179,-149.28554,271650.56463,0
2026-09-28T14:17:26.884899+00:00,ship41,1474640241.271443,5282.747766,30.59179,-149.28554,271650.56463,0
2026-09-28T14:17:38.724157+00:00,ship41,1474640271.271962,5312.748392,30.511523,-147.088874,271857.691556,0
2026-09-28T14:17:51.012120+00:00,ship41,1474640271.271962,5312.748392,30.511523,-147.088874,271857.691556,0
2026-09-28T14:18:02.600486+00:00,ship41,1474640271.271962,5312.748392,30.511523,-147.088874,271857.691556,0
2026-09-28T14:18:15.988274+00:00,ship41,1474640301.272472,5342.748963,30.390085,-144.897115,272056.053403,0
2026-09-28T14:18:27.688082+00:00,ship41,1474640301.272472,5342.748963,30.390085,-144.897115,272056.053403,0
2026-09-28T14:18:38.956305+00:00,ship41,1474640331.272994,5372.749611,30.227792,-142.7122,272244.951345,0
2026-09-28T14:18:50.871083+00:00,ship41,1474640331.272994,5372.749611,30.227792,-142.7122,272244.951345,0
2026-09-28T14:19:02.176773+00:00,ship41,1474640331.272994,5372.749611,30.227792,-142.7122,272244.951345,0
2026-09-28T14:19:14.255571+00:00,ship41,1474640361.273501,5402.750318,30.025191,-140.537399,272424.401183,0
2026-09-28T14:19:26.111303+00:00,ship41,1474640361.273501,5402.750318,30.025191,-140.537399,272424.401183,0
2026-09-28T14:19:37.389337+00:00,ship41,1474640361.273501,5402.750318,30.025191,-140.537399,272424.401183,0
2026-09-28T14:19:48.795682+00:00,ship41,1474640391.274023,5432.750951,29.782504,-138.371479,272594.45399,0
2026-09-28T14:20:00.843224+00:00,ship41,1474640391.274023,5432.750951,29.782504,-138.371479,272594.45399,0
2026-09-28T14:20:13.284146+00:00,ship41,1474640421.27453,5462.751667,29.499837,-136.213344,272755.905892,0
2026-09-28T14:20:24.448216+00:00,ship41,1474640421.27453,5462.751667,29.499837,-136.213344,272755.905892,0
2026-09-28T14:20:36.041699+00:00,ship41,1474640421.27453,5462.751667,29.499837,-136.213344,272755.905892,0
2026-09-28T14:20:47.305413+00:00,ship41,1474640461.275217,5502.752468,29.064028,-133.365788,272955.50735,0
2026-09-28T14:20:58.506781+00:00,ship41,1474640461.275217,5502.752468,29.064028,-133.365788,272955.50735,0
2026-09-28T14:21:09.737562+00:00,ship41,1474640461.275217,5502.752468,29.064028,-133.365788,272955.50735,0
2026-09-28T14:21:20.853305+00:00,ship41,1474640491.275736,5532.753159,28.692512,-131.244335,273095.288132,0
2026-09-28T14:21:32.079195+00:00,ship41,1474640491.275736,5532.753159,28.692512,-131.244335,273095.288132,0
2026-09-28T14:21:43.243503+00:00,ship41,1474640491.275736,5532.753159,28.692512,-131.244335,273095.288132,0
2026-09-28T14:21:54.514526+00:00,ship41,1474640521.276246,5562.753697,28.284655,-129.142396,273225.865673,0
2026-09-28T14:22:06.319436+00:00,ship41,1474640521.276246,5562.753697,28.284655,-129.142396,273225.865673,0
2026-09-28T14:22:18.426175+00:00,ship41,1474640551.276751,5592.754374,27.840561,-127.056777,273347.670097,0
2026-09-28T14:22:29.682809+00:00,ship41,1474640551.276751,5592.754374,27.840561,-127.056777,273347.670097,0
2026-09-28T14:22:40.813123+00:00,ship41,1474640551.276751,5592.754374,27.840561,-127.056777,273347.670097,0
2026-09-28T14:22:51.893695+00:00,ship41,1474640581.277275,5622.755046,27.361459,-124.98994,273461.311221,0
2026-09-28T14:23:03.122650+00:00,ship41,1474640581.277275,5622.755046,27.361459,-124.98994,273461.311221,0
2026-09-28T14:23:14.564409+00:00,ship41,1474640581.277275,5622.755046,27.361459,-124.98994,273461.311221,0
2026-09-28T14:23:25.801836+00:00,ship41,1474640611.27775,5652.755651,26.848314,-122.942564,273566.89984,0
2026-09-28T14:23:37.875914+00:00,ship41,1474640611.27775,5652.755651,26.848314,-122.942564,273566.89984,0
2026-09-28T14:23:49.196856+00:00,ship41,1474640641.278304,5682.756337,26.302189,-120.915384,273664.706061,0
2026-09-28T14:24:00.714707+00:00,ship41,1474640641.278304,5682.756337,26.302189,-120.915384,273664.706061,0
2026-09-28T14:24:12.343990+00:00,ship41,1474640641.278304,5682.756337,26.302189,-120.915384,273664.706061,0
2026-09-28T14:24:23.508249+00:00,ship41,1474640671.278825,5712.757026,25.723764,-118.907602,273754.940565,0
2026-09-28T14:24:34.692380+00:00,ship41,1474640671.278825,5712.757026,25.723764,-118.907602,273754.940565,0
2026-09-28T14:24:46.237207+00:00,ship41,1474640671.278825,5712.757026,25.723764,-118.907602,273754.940565,0
2026-09-28T14:24:57.695120+00:00,ship41,1474640701.279333,5742.757665,25.114915,-116.922298,273837.88862,0
2026-09-28T14:25:11.154555+00:00,ship41,1474640701.279333,5742.757665,25.114915,-116.922298,273837.88862,0
2026-09-28T14:25:22.855339+00:00,ship41,1474640731.279854,5772.758255,24.476827,-114.959654,273914.295264,0
2026-09-28T14:25:34.313899+00:00,ship41,1474640731.279854,5772.758255,24.476827,-114.959654,273914.295264,0
2026-09-28T14:25:46.401832+00:00,ship41,1474640731.279854,5772.758255,24.476827,-114.959654,273914.295264,0
2026-09-28T14:25:57.726549+00:00,ship41,1474640761.280362,5802.758955,23.807978,-113.012046,273985.091782,0
2026-09-28T14:26:09.466265+00:00,ship41,1474640761.280362,5802.758955,23.807978,-113.012046,273985.091782,0
2026-09-28T14:26:21.059221+00:00,ship41,1474640791.280883,5832.759606,23.113487,-111.091111,274049.318264,0
2026-09-28T14:26:33.011834+00:00,ship41,1474640791.280883,5832.759606,23.113487,-111.091111,274049.318264,0
2026-09-28T14:26:44.188904+00:00,ship41,1474640791.280883,5832.759606,23.113487,-111.091111,274049.318264,0
2026-09-28T14:26:56.574272+00:00,ship41,1474640821.281391,5862.760144,22.394761,-109.196647,274108.75792,0
2026-09-28T14:27:08.680997+00:00,ship41,1474640821.281391,5862.760144,22.394761,-109.196647,274108.75792,0
2026-09-28T14:27:20.631454+00:00,ship41,1474640821.281391,5862.760144,22.394761,-109.196647,274108.75792,0
2026-09-28T14:27:32.234571+00:00,ship41,1474640851.281913,5892.760897,21.647057,-107.313209,274162.869288,0
2026-09-28T14:27:43.657047+00:00,ship41,1474640851.281913,5892.760897,21.647057,-107.313209,274162.869288,0
2026-09-28T14:27:55.157950+00:00,ship41,1474640891.282592,5932.761719,20.615821,-104.841119,274228.451755,0
2026-09-28T14:28:06.386421+00:00,ship41,1474640891.282592,5932.761719,20.615821,-104.841119,274228.451755,0
2026-09-28T14:28:17.681605+00:00,ship41,1474640891.282592,5932.761719,20.615821,-104.841119,274228.451755,0
2026-09-28T14:28:28.980186+00:00,ship41,1474640921.283107,5962.762294,19.818347,-103.015594,274272.43191,0
2026-09-28T14:28:40.642906+00:00,ship41,1474640921.283107,5962.762294,19.818347,-103.015594,274272.43191,0
2026-09-28T14:28:51.813427+00:00,ship41,1474640921.283107,5962.762294,19.818347,-103.015594,274272.43191,0
2026-09-28T14:29:03.012667+00:00,ship41,1474640951.283621,5992.762994,18.997592,-101.204907,274313.280726,0
2026-09-28T14:29:14.361257+00:00,ship41,1474640951.283621,5992.762994,18.997592,-101.204907,274313.280726,0
2026-09-28T14:29:25.645017+00:00,ship41,1474640981.284136,6022.763639,18.154535,-99.408629,274348.827554,0
2026-09-28T14:29:36.886322+00:00,ship41,1474640981.284136,6022.763639,18.154535,-99.408629,274348.827554,0
2026-09-28T14:29:48.044185+00:00,ship41,1474640981.284136,6022.763639,18.154535,-99.408629,274348.827554,0
2026-09-28T14:29:59.157453+00:00,ship41,1474641011.28465,6052.764228,17.297111,-97.640325,274383.964833,0
2026-09-28T14:30:10.647454+00:00,ship41,1474641011.28465,6052.764228,17.297111,-97.640325,274383.964833,0
2026-09-28T14:30:22.461795+00:00,ship41,1474641011.28465,6052.764228,17.297111,-97.640325,274383.964833,0
2026-09-28T14:30:33.945326+00:00,ship41,1474641041.285166,6082.76491,16.417263,-95.880355,274417.879992,0
2026-09-28T14:30:45.193801+00:00,ship41,1474641041.285166,6082.76491,16.417263,-95.880355,274417.879992,0
2026-09-28T14:30:56.744928+00:00,ship41,1474641041.285166,6082.76491,16.417263,-95.880355,274417.879992,0
2026-09-28T14:31:07.978443+00:00,ship41,1474641071.285686,6112.765601,15.523038,-94.142032,274449.229811,0
2026-09-28T14:31:19.429750+00:00,ship41,1474641071.285686,6112.765601,15.523038,-94.142032,274449.229811,0
2026-09-28T14:31:30.726711+00:00,ship41,1474641101.286194,6142.766235,14.613246,-92.419902,274480.439747,0
2026-09-28T14:31:42.118369+00:00,ship41,1474641101.286194,6142.766235,14.613246,-92.419902,274480.439747,0
2026-09-28T14:31:54.153927+00:00,ship41,1474641101.286194,6142.766235,14.613246,-92.419902,274480.439747,0
2026-09-28T14:32:05.297760+00:00,ship41,1474641131.286716,6172.766811,13.68895,-90.713063,274510.089032,0
2026-09-28T14:32:16.709761+00:00,ship41,1474641131.286716,6172.766811,13.68895,-90.713063,274510.089032,0
2026-09-28T14:32:28.646414+00:00,ship41,1474641161.287224,6202.767507,12.751172,-89.020546,274539.67912,0
2026-09-28T14:32:40.784930+00:00,ship41,1474641161.287224,6202.767507,12.751172,-89.020546,274539.67912,0
2026-09-28T14:32:51.962065+00:00,ship41,1474641161.287224,6202.767507,12.751172,-89.020546,274539.67912,0
2026-09-28T14:33:03.776313+00:00,ship41,1474641191.287749,6232.768204,11.80293,-87.344851,274569.603371,0
2026-09-28T14:33:15.396552+00:00,ship41,1474641191.287749,6232.768204,11.80293,-87.344851,274569.603371,0
2026-09-28T14:33:27.819940+00:00,ship41,1474641191.287749,6232.768204,11.80293,-87.344851,274569.603371,0
2026-09-28T14:33:38.855194+00:00,ship41,1474641221.288253,6262.768737,10.842059,-85.679347,274601.017579,0
2026-09-28T14:33:50.240903+00:00,ship41,1474641221.288253,6262.768737,10.842059,-85.679347,274601.017579,0
2026-09-28T14:34:01.489977+00:00,ship41,1474641251.288751,6292.769401,9.870203,-84.024223,274633.60212,0
2026-09-28T14:34:13.082670+00:00,ship41,1474641251.288751,6292.769401,9.870203,-84.024223,274633.60212,0
2026-09-28T14:34:24.219747+00:00,ship41,1474641251.288751,6292.769401,9.870203,-84.024223,274633.60212,0
2026-09-28T14:34:35.656611+00:00,ship41,1474641281.289282,6322.770047,8.890954,-82.382838,274667.043529,0
2026-09-28T14:34:48.210955+00:00,ship41,1474641281.289282,6322.770047,8.890954,-82.382838,274667.043529,0
2026-09-28T14:34:59.528507+00:00,ship41,1474641281.289282,6322.770047,8.890954,-82.382838,274667.043529,0
2026-09-28T14:35:10.799187+00:00,ship41,1474641321.289971,6362.770947,7.567882,-80.201249,274713.745836,0
2026-09-28T14:35:22.030715+00:00,ship41,1474641321.289971,6362.770947,7.567882,-80.201249,274713.745836,0
2026-09-28T14:35:33.493188+00:00,ship41,1474641351.290481,6392.771569,6.570053,-78.579241,274750.708636,0
2026-09-28T14:35:44.917806+00:00,ship41,1474641351.290481,6392.771569,6.570053,-78.579241,274750.708636,0
2026-09-28T14:35:56.601004+00:00,ship41,1474641351.290481,6392.771569,6.570053,-78.579241,274750.708636,0
2026-09-28T14:36:08.368709+00:00,ship41,1474641381.291002,6422.772218,5.56483,-76.962109,274790.275033,0
2026-09-28T14:36:19.847131+00:00,ship41,1474641381.291002,6422.772218,5.56483,-76.962109,274790.275033,0
2026-09-28T14:36:31.887173+00:00,ship41,1474641381.291002,6422.772218,5.56483,-76.962109,274790.275033,0
2026-09-28T14:36:43.843808+00:00,ship41,1474641411.291511,6452.77284,4.553821,-75.349884,274832.78322,0
2026-09-28T14:36:56.246040+00:00,ship41,1474641411.291511,6452.77284,4.553821,-75.349884,274832.78322,0
2026-09-28T14:37:07.630977+00:00,ship41,1474641441.292029,6482.773522,3.538623,-73.742518,274875.869364,0
2026-09-28T14:37:19.692324+00:00,ship41,1474641441.292029,6482.773522,3.538623,-73.742518,274875.869364,0
2026-09-28T14:37:31.198819+00:00,ship41,1474641441.292029,6482.773522,3.538623,-73.742518,274875.869364,0
2026-09-28T14:37:42.937551+00:00,ship41,1474641471.29254,6512.774531,2.576572,-72.227553,274917.965088,0
2026-09-28T14:37:54.236929+00:00,ship41,1474641471.29254,6512.774531,2.576572,-72.227553,274917.965088,0
2026-09-28T14:38:05.818476+00:00,ship41,1474641471.29254,6512.774531,2.576572,-72.227553,274917.965088,0
2026-09-28T14:38:17.050894+00:00,ship41,1474641501.293061,6542.774877,1.499491,-70.538177,274965.49682,0
2026-09-28T14:38:28.353886+00:00,ship41,1474641501.293061,6542.774877,1.499491,-70.538177,274965.49682,0
2026-09-28T14:38:39.665357+00:00,ship41,1474641531.293568,6572.775455,0.480164,-68.943277,275012.978001,0
2026-09-28T14:38:50.845064+00:00,ship41,1474641531.293568,6572.775455,0.480164,-68.943277,275012.978001,0
2026-09-28T14:39:02.385950+00:00,ship41,1474641531.293568,6572.775455,0.480164,-68.943277,275012.978001,0
2026-09-28T14:39:13.581774+00:00,ship41,1474641561.294083,6602.776042,-0.542291,-67.344689,275062.014533,0
2026-09-28T14:39:24.993071+00:00,ship41,1474641561.294083,6602.776042,-0.542291,-67.344689,275062.014533,0
2026-09-28T14:39:36.166482+00:00,ship41,1474641561.294083,6602.776042,-0.542291,-67.344689,275062.014533,0
2026-09-28T14:39:47.251171+00:00,ship41,1474641591.294597,6632.776745,-1.562877,-65.747678,275111.406253,0
2026-09-28T14:39:58.480078+00:00,ship41,1474641591.294597,6632.776745,-1.562877,-65.747678,275111.406253,0
2026-09-28T14:40:09.782500+00:00,ship41,1474641621.295111,6662.777447,-2.584709,-64.144819,275162.375822,0
2026-09-28T14:40:21.216386+00:00,ship41,1474641621.295111,6662.777447,-2.584709,-64.144819,275162.375822,0
2026-09-28T14:40:32.589666+00:00,ship41,1474641621.295111,6662.777447,-2.584709,-64.144819,275162.375822,0
2026-09-28T14:40:43.728907+00:00,ship41,1474641651.295626,6692.778016,-3.600105,-62.545616,275212.838992,0
2026-09-28T14:40:55.169510+00:00,ship41,1474641651.295626,6692.778016,-3.600105,-62.545616,275212.838992,0
2026-09-28T14:41:06.361185+00:00,ship41,1474641651.295626,6692.778016,-3.600105,-62.545616,275212.838992,0
2026-09-28T14:41:17.867661+00:00,ship41,1474641681.29614,6722.778674,-4.614846,-60.938422,275263.129608,0
2026-09-28T14:41:29.091616+00:00,ship41,1474641681.29614,6722.778674,-4.614846,-60.938422,275263.129608,0
2026-09-28T14:41:40.557639+00:00,ship41,1474641711.296655,6752.779217,-5.570246,-59.414553,275310.488975,0
2026-09-28T14:41:52.040215+00:00,ship41,1474641711.296655,6752.779217,-5.570246,-59.414553,275310.488975,0
2026-09-28T14:42:03.766126+00:00,ship41,1474641711.296655,6752.779217,-5.570246,-59.414553,275310.488975,0
2026-09-28T14:42:15.144931+00:00,ship41,1474641741.297168,6782.780024,-6.630553,-57.708367,275358.730475,0
2026-09-28T14:42:26.285839+00:00,ship41,1474641741.297168,6782.780024,-6.630553,-57.708367,275358.730475,0
2026-09-28T14:42:38.194619+00:00,ship41,1474641741.297168,6782.780024,-6.630553,-57.708367,275358.730475,0
2026-09-28T14:42:49.777107+00:00,ship41,1474641781.297862,6822.780775,-7.956239,-55.547897,275421.440176,0
2026-09-28T14:43:00.932710+00:00,ship41,1474641781.297862,6822.780775,-7.956239,-55.547897,275421.440176,0
2026-09-28T14:43:12.151735+00:00,ship41,1474641781.297862,6822.780775,-7.956239,-55.547897,275421.440176,0
2026-09-28T14:43:23.476146+00:00,ship41,1474641811.298369,6852.781763,-8.940971,-53.919608,275467.529992,0
2026-09-28T14:43:35.033750+00:00,ship41,1474641811.298369,6852.781763,-8.940971,-53.919608,275467.529992,0
2026-09-28T14:43:46.299143+00:00,ship41,1474641841.298887,6882.782096,-9.927754,-52.264356,275508.963339,0
2026-09-28T14:43:57.594253+00:00,ship41,1474641841.298887,6882.782096,-9.927754,-52.264356,275508.963339,0
2026-09-28T14:44:08.784715+00:00,ship41,1474641841.298887,6882.782096,-9.927754,-52.264356,275508.963339,0
2026-09-28T14:44:20.085233+00:00,ship41,1474641871.299398,6912.782703,-10.89599,-50.613953,275546.895389,0
2026-09-28T14:44:31.542191+00:00,ship41,1474641871.299398,6912.782703,-10.89599,-50.613953,275546.895389,0
2026-09-28T14:44:42.781422+00:00,ship41,1474641871.299398,6912.782703,-10.89599,-50.613953,275546.895389,0
2026-09-28T14:44:53.981216+00:00,ship41,1474641901.29992,6942.783763,-11.853824,-48.952189,275580.769145,0
2026-09-28T14:45:05.094854+00:00,ship41,1474641901.29992,6942.783763,-11.853824,-48.952189,275580.769145,0
2026-09-28T14:45:16.448308+00:00,ship41,1474641931.300427,6972.784266,-12.798412,-47.28137,275608.617114,0
2026-09-28T14:45:27.715835+00:00,ship41,1474641931.300427,6972.784266,-12.798412,-47.28137,275608.617114,0
2026-09-28T14:45:39.197721+00:00,ship41,1474641931.300427,6972.784266,-12.798412,-47.28137,275608.617114,0
2026-09-28T14:45:51.215327+00:00,ship41,1474641961.300942,7002.784636,-13.744255,-45.57239,275632.011496,0
2026-09-28T14:46:02.577083+00:00,ship41,1474641961.300942,7002.784636,-13.744255,-45.57239,275632.011496,0
2026-09-28T14:46:13.659253+00:00,ship41,1474641961.300942,7002.784636,-13.744255,-45.57239,275632.011496,0
2026-09-28T14:46:25.722699+00:00,ship41,1474641991.301455,7032.785573,-14.658616,-43.881869,275647.565068,0
2026-09-28T14:46:38.339737+00:00,ship41,1474641991.301455,7032.785573,-14.658616,-43.881869,275647.565068,0
2026-09-28T14:46:49.741865+00:00,ship41,1474642021.301977,7062.785933,-15.573086,-42.148718,275655.566221,0
2026-09-28T14:47:01.107484+00:00,ship41,1474642021.301977,7062.785933,-15.573086,-42.148718,275655.566221,0
2026-09-28T14:47:13.483003+00:00,ship41,1474642021.301977,7062.785933,-15.573086,-42.148718,275655.566221,0
2026-09-28T14:47:24.565418+00:00,ship41,1474642051.302485,7092.786571,-16.465799,-40.410873,275657.238862,0
2026-09-28T14:47:35.965283+00:00,ship41,1474642051.302485,7092.786571,-16.465799,-40.410873,275657.238862,0
2026-09-28T14:47:47.126448+00:00,ship41,1474642051.302485,7092.786571,-16.465799,-40.410873,275657.238862,0
2026-09-28T14:47:58.109127+00:00,ship41,1474642081.303005,7122.787435,-17.334856,-38.670162,275647.879461,0
2026-09-28T14:48:09.526751+00:00,ship41,1474642081.303005,7122.787435,-17.334856,-38.670162,275647.879461,0
2026-09-28T14:48:21.365799+00:00,ship41,1474642111.303514,7152.788244,-18.156924,-36.973737,275631.504189,0
2026-09-28T14:48:32.773004+00:00,ship41,1474642111.303514,7152.788244,-18.156924,-36.973737,275631.504189,0
2026-09-28T14:48:44.051137+00:00,ship41,1474642111.303514,7152.788244,-18.156924,-36.973737,275631.504189,0
2026-09-28T14:48:55.512026+00:00,ship41,1474642141.304029,7182.788502,-19.011512,-35.152502,275604.221393,0
2026-09-28T14:49:07.332660+00:00,ship41,1474642141.304029,7182.788502,-19.011512,-35.152502,275604.221393,0
2026-09-28T14:49:18.932886+00:00,ship41,1474642171.304543,7212.789558,-19.856161,-33.287202,275564.450584,0
2026-09-28T14:49:34.802125+00:00,ship41,1474642171.304543,7212.789558,-19.856161,-33.287202,275564.450584,0
2026-09-28T14:49:46.160614+00:00,ship41,1474642171.304543,7212.789558,-19.856161,-33.287202,275564.450584,0
2026-09-28T14:49:57.563728+00:00,ship41,1474642201.305057,7242.789814,-20.656784,-31.451239,275514.388258,0
2026-09-28T14:50:09.415221+00:00,ship41,1474642201.305057,7242.789814,-20.656784,-31.451239,275514.388258,0
2026-09-28T14:50:20.963079+00:00,ship41,1474642241.305749,7282.791083,-21.646865,-29.075628,275431.877024,0
2026-09-28T14:50:34.497521+00:00,ship41,1474642241.305749,7282.791083,-21.646865,-29.075628,275431.877024,0
2026-09-28T14:50:45.807951+00:00,ship41,1474642241.305749,7282.791083,-21.646865,-29.075628,275431.877024,0
2026-09-28T14:50:57.037362+00:00,ship41,1474642271.30626,7312.791296,-22.404773,-27.16619,275352.200088,0
2026-09-28T14:51:08.356386+00:00,ship41,1474642271.30626,7312.791296,-22.404773,-27.16619,275352.200088,0
2026-09-28T14:51:19.711942+00:00,ship41,1474642271.30626,7312.791296,-22.404773,-27.16619,275352.200088,0
2026-09-28T14:51:30.903609+00:00,ship41,1474642301.306744,7342.792011,-23.138663,-25.229812,275259.481248,0
2026-09-28T14:51:42.066158+00:00,ship41,1474642301.306744,7342.792011,-23.138663,-25.229812,275259.481248,0
2026-09-28T14:51:53.917867+00:00,ship41,1474642301.306744,7342.792011,-23.138663,-25.229812,275259.481248,0
2026-09-28T14:52:05.071454+00:00,ship41,1474642331.307286,7372.792842,-23.83534,-23.299494,275151.18094,0
2026-09-28T14:52:16.182146+00:00,ship41,1474642331.307286,7372.792842,-23.83534,-23.299494,275151.18094,0
2026-09-28T14:52:27.368139+00:00,ship41,1474642361.307801,7402.793544,-24.491311,-21.386541,275031.144457,0
2026-09-28T14:52:38.699210+00:00,ship41,1474642361.307801,7402.793544,-24.491311,-21.386541,275031.144457,0
2026-09-28T14:52:50.354300+00:00,ship41,1474642361.307801,7402.793544,-24.491311,-21.386541,275031.144457,0
2026-09-28T14:53:01.610183+00:00,ship41,1474642391.308315,7432.794012,-25.125008,-19.435623,274894.564479,0
2026-09-28T14:53:13.121350+00:00,ship41,1474642391.308315,7432.794012,-25.125008,-19.435623,274894.564479,0
2026-09-28T14:53:24.350019+00:00,ship41,1474642391.308315,7432.794012,-25.125008,-19.435623,274894.564479,0
2026-09-28T14:53:35.579035+00:00,ship41,1474642421.30883,7462.794831,-25.726654,-17.472911,274743.663001,0
2026-09-28T14:53:46.808723+00:00,ship41,1474642421.30883,7462.794831,-25.726654,-17.472911,274743.663001,0
2026-09-28T14:53:58.083824+00:00,ship41,1474642451.309343,7492.795168,-26.326257,-15.388785,274567.842388,0
2026-09-28T14:54:09.054855+00:00,ship41,1474642451.309343,7492.795168,-26.326257,-15.388785,274567.842388,0
2026-09-28T14:54:21.746644+00:00,ship41,1474642451.309343,7492.795168,-26.326257,-15.388785,274567.842388,0
2026-09-28T14:54:33.229797+00:00,ship41,1474642481.309865,7522.796166,-26.841751,-13.47368,274393.628504,0
2026-09-28T14:54:44.811115+00:00,ship41,1474642481.309865,7522.796166,-26.841751,-13.47368,274393.628504,0
2026-09-28T14:54:56.021758+00:00,ship41,1474642481.309865,7522.796166,-26.841751,-13.47368,274393.628504,0
2026-09-28T14:55:07.319277+00:00,ship41,1474642511.310373,7552.796765,-27.355023,-11.42817,274191.118759,0
2026-09-28T14:55:18.351451+00:00,ship41,1474642511.310373,7552.796765,-27.355023,-11.42817,274191.118759,0
2026-09-28T14:55:29.565584+00:00,ship41,1474642541.310893,7582.79711,-27.859549,-9.24966,273959.483152,0
2026-09-28T14:55:40.700557+00:00,ship41,1474642541.310893,7582.79711,-27.859549,-9.24966,273959.483152,0
2026-09-28T14:55:52.006357+00:00,ship41,1474642541.310893,7582.79711,-27.859549,-9.24966,273959.483152,0
2026-09-28T14:56:03.213072+00:00,ship41,1474642571.311401,7612.798133,-28.279285,-7.276493,273735.200315,0
2026-09-28T14:56:14.443466+00:00,ship41,1474642571.311401,7612.798133,-28.279285,-7.276493,273735.200315,0
2026-09-28T14:56:26.376453+00:00,ship41,1474642571.311401,7612.798133,-28.279285,-7.276493,273735.200315,0
2026-09-28T14:56:38.492181+00:00,ship41,1474642601.311922,7642.798784,-28.687706,-5.174819,273481.030816,0
2026-09-28T14:56:49.914124+00:00,ship41,1474642601.311922,7642.798784,-28.687706,-5.174819,273481.030816,0
2026-09-28T14:57:01.153532+00:00,ship41,1474642631.31243,7672.799344,-29.058392,-3.06207,273208.242969,0
2026-09-28T14:57:13.057890+00:00,ship41,1474642631.31243,7672.799344,-29.058392,-3.06207,273208.242969,0
2026-09-28T14:57:24.605535+00:00,ship41,1474642631.31243,7672.799344,-29.058392,-3.06207,273208.242969,0
2026-09-28T14:57:36.545395+00:00,ship41,1474642661.312952,7702.800036,-29.392902,-0.925315,272915.553095,0
2026-09-28T14:57:49.364485+00:00,ship41,1474642661.312952,7702.800036,-29.392902,-0.925315,272915.553095,0
2026-09-28T14:58:00.718705+00:00,ship41,1474642661.312952,7702.800036,-29.392902,-0.925315,272915.553095,0
2026-09-28T14:58:12.675377+00:00,ship41,1474642701.313631,7742.800584,-29.788901,2.027938,272484.45518,0
2026-09-28T14:58:25.030452+00:00,ship41,1474642701.313631,7742.800584,-29.788901,2.027938,272484.45518,0
2026-09-28T14:58:36.452935+00:00,ship41,1474642731.314144,7772.801463,-30.0286,4.172715,272150.352487,0
2026-09-28T14:58:48.021605+00:00,ship41,1474642731.314144,7772.801463,-30.0286,4.172715,272150.352487,0
2026-09-28T14:58:59.470524+00:00,ship41,1474642731.314144,7772.801463,-30.0286,4.172715,272150.352487,0
2026-09-28T14:59:11.071156+00:00,ship41,1474642761.314665,7802.802246,-30.225825,6.288515,271807.034689,0
2026-09-28T14:59:23.326883+00:00,ship41,1474642761.314665,7802.802246,-30.225825,6.288515,271807.034689,0
2026-09-28T14:59:35.250917+00:00,ship41,1474642791.315173,7832.802767,-30.38825,8.465097,271436.376322,0
2026-09-28T14:59:47.392400+00:00,ship41,1474642791.315173,7832.802767,-30.38825,8.465097,271436.376322,0
2026-09-28T14:59:58.756352+00:00,ship41,1474642791.315173,7832.802767,-30.38825,8.465097,271436.376322,0
2026-09-28T15:00:09.979833+00:00,ship41,1474642821.31569,7862.803415,-30.510274,10.651525,271047.53251,0
2026-09-28T15:00:21.064039+00:00,ship41,1474642821.31569,7862.803415,-30.510274,10.651525,271047.53251,0
2026-09-28T15:00:32.537625+00:00,ship41,1474642821.31569,7862.803415,-30.510274,10.651525,271047.53251,0
2026-09-28T15:00:43.600619+00:00,ship41,1474642851.316202,7892.80377,-30.594814,12.971944,270616.581568,0
2026-09-28T15:00:54.796956+00:00,ship41,1474642851.316202,7892.80377,-30.594814,12.971944,270616.581568,0
2026-09-28T15:01:05.892046+00:00,ship41,1474642851.316202,7892.80377,-30.594814,12.971944,270616.581568,0
2026-09-28T15:01:16.989055+00:00,ship41,1474642881.316722,7922.804381,-30.632284,15.16812,270189.262018,0
2026-09-28T15:01:28.311915+00:00,ship41,1474642881.316722,7922.804381,-30.632284,15.16812,270189.262018,0
2026-09-28T15:01:39.471869+00:00,ship41,1474642911.317231,7952.805058,-30.628398,17.36448,269702.566171,0
2026-09-28T15:01:51.380407+00:00,ship41,1474642911.317231,7952.805058,-30.628398,17.36448,269702.566171,0
2026-09-28T15:02:02.996622+00:00,ship41,1474642911.317231,7952.805058,-30.628398,17.36448,269702.566171,0
2026-09-28T15:02:14.222412+00:00,ship41,1474642941.31774,7982.805701,-30.583514,19.547533,269062.815204,0
2026-09-28T15:02:25.713949+00:00,ship41,1474642941.31774,7982.805701,-30.583514,19.547533,269062.815204,0
2026-09-28T15:02:37.151311+00:00,ship41,1474642941.31774,7982.805701,-30.583514,19.547533,269062.815204,0
2026-09-28T15:02:48.713103+00:00,ship41,1474642971.31826,8012.806406,-30.497625,21.732318,268290.796978,0
2026-09-28T15:03:00.222453+00:00,ship41,1474642971.31826,8012.806406,-30.497625,21.732318,268290.796978,0
2026-09-28T15:03:11.370568+00:00,ship41,1474643001.318739,8042.80696,-30.371541,23.903941,267392.654862,0
2026-09-28T15:03:22.675530+00:00,ship41,1474643001.318739,8042.80696,-30.371541,23.903941,267392.654862,0
2026-09-28T15:03:34.342581+00:00,ship41,1474643001.318739,8042.80696,-30.371541,23.903941,267392.654862,0
2026-09-28T15:03:46.312268+00:00,ship41,1474643031.319288,8072.80764,-30.204893,26.073762,266365.110298,0
2026-09-28T15:03:57.463763+00:00,ship41,1474643031.319288,8072.80764,-30.204893,26.073762,266365.110298,0
2026-09-28T15:04:08.913442+00:00,ship41,1474643031.319288,8072.80764,-30.204893,26.073762,266365.110298,0
2026-09-28T15:04:20.234555+00:00,ship41,1474643061.31981,8102.808291,-29.998254,28.235673,265209.316856,0
2026-09-28T15:04:31.477704+00:00,ship41,1474643061.31981,8102.808291,-29.998254,28.235673,265209.316856,0
2026-09-28T15:04:42.876983+00:00,ship41,1474643091.320317,8132.80893,-29.752068,30.388039,263928.769543,0
2026-09-28T15:04:54.443760+00:00,ship41,1474643091.320317,8132.80893,-29.752068,30.388039,263928.769543,0
2026-09-28T15:05:05.725291+00:00,ship41,1474643091.320317,8132.80893,-29.752068,30.388039,263928.769543,0
2026-09-28T15:05:17.626502+00:00,ship41,1474643121.320832,8162.809575,-29.466853,32.529355,262524.00031,0
2026-09-28T15:05:29.291303+00:00,ship41,1474643121.320832,8162.809575,-29.466853,32.529355,262524.00031,0
2026-09-28T15:05:40.645532+00:00,ship41,1474643121.320832,8162.809575,-29.466853,32.529355,262524.00031,0
2026-09-28T15:05:52.655690+00:00,ship41,1474643161.321518,8202.810436,-29.026896,35.36482,260460.989,0
2026-09-28T15:06:04.269958+00:00,ship41,1474643161.321518,8202.810436,-29.026896,35.36482,260460.989,0
2026-09-28T15:06:16.102875+00:00,ship41,1474643191.322039,8232.811086,-28.65308,37.474892,258774.794194,0
2026-09-28T15:06:27.259048+00:00,ship41,1474643191.322039,8232.811086,-28.65308,37.474892,258774.794194,0
2026-09-28T15:06:38.518499+00:00,ship41,1474643191.322039,8232.811086,-28.65308,37.474892,258774.794194,0
2026-09-28T15:06:49.719338+00:00,ship41,1474643221.322547,8262.811728,-28.242502,39.569596,256971.904113,0
2026-09-28T15:07:00.902007+00:00,ship41,1474643221.322547,8262.811728,-28.242502,39.569596,256971.904113,0
2026-09-28T15:07:11.985701+00:00,ship41,1474643221.322547,8262.811728,-28.242502,39.569596,256971.904113,0
2026-09-28T15:07:23.295931+00:00,ship41,1474643251.323068,8292.812377,-27.795982,41.64788,255055.357236,0
2026-09-28T15:07:34.886600+00:00,ship41,1474643251.323068,8292.812377,-27.795982,41.64788,255055.357236,0
2026-09-28T15:07:46.222049+00:00,ship41,1474643281.323575,8322.812775,-27.343285,43.589711,253148.114501,0
2026-09-28T15:07:58.183235+00:00,ship41,1474643281.323575,8322.812775,-27.343285,43.589711,253148.114501,0
2026-09-28T15:08:09.446942+00:00,ship41,1474643281.323575,8322.812775,-27.343285,43.589711,253148.114501,0
2026-09-28T15:08:21.873387+00:00,ship41,1474643311.32409,8352.813895,-26.803295,45.733946,250907.388272,0
2026-09-28T15:08:33.673109+00:00,ship41,1474643311.32409,8352.813895,-26.803295,45.733946,250907.388272,0
2026-09-28T15:08:44.799014+00:00,ship41,1474643311.32409,8352.813895,-26.803295,45.733946,250907.388272,0
2026-09-28T15:08:55.944175+00:00,ship41,1474643341.324604,8382.814574,-26.282105,47.660131,248777.719994,0
2026-09-28T15:09:07.154774+00:00,ship41,1474643341.324604,8382.814574,-26.282105,47.660131,248777.719994,0
2026-09-28T15:09:19.003143+00:00,ship41,1474643371.325119,8412.814752,-25.702399,49.66744,246436.81529,0
2026-09-28T15:09:30.377026+00:00,ship41,1474643371.325119,8412.814752,-25.702399,49.66744,246436.81529,0
2026-09-28T15:09:41.620234+00:00,ship41,1474643371.325119,8412.814752,-25.702399,49.66744,246436.81529,0
2026-09-28T15:09:52.778918+00:00,ship41,1474643401.325633,8442.815435,-25.090997,51.656461,243995.457094,0
2026-09-28T15:10:04.961618+00:00,ship41,1474643401.325633,8442.815435,-25.090997,51.656461,243995.457094,0
2026-09-28T15:10:16.594128+00:00,ship41,1474643401.325633,8442.815435,-25.090997,51.656461,243995.457094,0
2026-09-28T15:10:28.168034+00:00,ship41,1474643431.326147,8472.816041,-24.451074,53.620408,241463.691061,0
2026-09-28T15:10:39.868491+00:00,ship41,1474643431.326147,8472.816041,-24.451074,53.620408,241463.691061,0
2026-09-28T15:10:51.473708+00:00,ship41,1474643461.326669,8502.816693,-23.781169,55.567097,238835.736276,0
2026-09-28T15:11:03.527631+00:00,ship41,1474643461.326669,8502.816693,-23.781169,55.567097,238835.736276,0
2026-09-28T15:11:14.721069+00:00,ship41,1474643461.326669,8502.816693,-23.781169,55.567097,238835.736276,0
2026-09-28T15:11:26.116029+00:00,ship41,1474643491.327177,8532.817333,-23.081793,57.497711,236114.457529,0
2026-09-28T15:11:37.532928+00:00,ship41,1474643491.327177,8532.817333,-23.081793,57.497711,236114.457529,0
2026-09-28T15:11:48.889521+00:00,ship41,1474643491.327177,8532.817333,-23.081793,57.497711,236114.457529,0
2026-09-28T15:12:00.766573+00:00,ship41,1474643521.327697,8562.817911,-22.321848,59.494451,233179.420601,0
2026-09-28T15:12:12.185166+00:00,ship41,1474643521.327697,8562.817911,-22.321848,59.494451,233179.420601,0
2026-09-28T15:12:23.411363+00:00,ship41,1474643551.328205,8592.819407,-21.5851,61.343365,230352.288557,0
2026-09-28T15:12:35.082690+00:00,ship41,1474643551.328205,8592.819407,-21.5851,61.343365,230352.288557,0
2026-09-28T15:12:47.137927+00:00,ship41,1474643551.328205,8592.819407,-21.5851,61.343365,230352.288557,0
2026-09-28T15:12:58.456943+00:00,ship41,1474643581.328727,8622.81986,-20.829316,63.162678,227468.83479,0
2026-09-28T15:13:09.739445+00:00,ship41,1474643581.328727,8622.81986,-20.829316,63.162678,227468.83479,0
2026-09-28T15:13:21.249218+00:00,ship41,1474643581.328727,8622.81986,-20.829316,63.162678,227468.83479,0
2026-09-28T15:13:32.571898+00:00,ship41,1474643611.329233,8652.820498,-20.029999,65.011981,224437.214532,0
2026-09-28T15:13:43.820945+00:00,ship41,1474643611.329233,8652.820498,-20.029999,65.011981,224437.214532,0
2026-09-28T15:13:55.108314+00:00,ship41,1474643651.329926,8692.821364,-18.929355,67.449252,220289.540787,0
2026-09-28T15:14:06.075418+00:00,ship41,1474643651.329926,8692.821364,-18.929355,67.449252,220289.540787,0
2026-09-28T15:14:17.212947+00:00,ship41,1474643651.329926,8692.821364,-18.929355,67.449252,220289.540787,0
2026-09-28T15:14:28.443577+00:00,ship41,1474643681.330435,8722.822002,-18.076816,69.261448,217098.870233,0
2026-09-28T15:14:39.929535+00:00,ship41,1474643681.330435,8722.822002,-18.076816,69.261448,217098.870233,0
2026-09-28T15:14:51.525707+00:00,ship41,1474643681.330435,8722.822002,-18.076816,69.261448,217098.870233,0
2026-09-28T15:15:04.143498+00:00,ship41,1474643711.330956,8752.822655,-17.208844,71.047178,213866.029877,0
2026-09-28T15:15:15.552722+00:00,ship41,1474643711.330956,8752.822655,-17.208844,71.047178,213866.029877,0
2026-09-28T15:15:26.936088+00:00,ship41,1474643741.331463,8782.823293,-16.317253,72.826271,210566.091848,0
2026-09-28T15:15:38.347749+00:00,ship41,1474643741.331463,8782.823293,-16.317253,72.826271,210566.091848,0
2026-09-28T15:15:49.712803+00:00,ship41,1474643741.331463,8782.823293,-16.317253,72.826271,210566.091848,0
2026-09-28T15:16:01.726374+00:00,ship41,1474643771.331985,8812.823478,-15.411964,74.581763,207228.654961,0
2026-09-28T15:16:13.018702+00:00,ship41,1474643771.331985,8812.823478,-15.411964,74.581763,207228.654961,0
2026-09-28T15:16:25.027348+00:00,ship41,1474643771.331985,8812.823478,-15.411964,74.581763,207228.654961,0
2026-09-28T15:16:36.352132+00:00,ship41,1474643801.332492,8842.824624,-14.487453,76.327443,203838.674051,0
2026-09-28T15:16:47.605141+00:00,ship41,1474643801.332492,8842.824624,-14.487453,76.327443,203838.674051,0
2026-09-28T15:16:58.773364+00:00,ship41,1474643831.333014,8872.82477,-13.548442,78.057184,200414.088349,0
2026-09-28T15:17:10.100024+00:00,ship41,1474643831.333014,8872.82477,-13.548442,78.057184,200414.088349,0
2026-09-28T15:17:21.290614+00:00,ship41,1474643831.333014,8872.82477,-13.548442,78.057184,200414.088349,0
2026-09-28T15:17:32.990239+00:00,ship41,1474643861.333521,8902.825964,-12.544128,79.864355,196771.977774,0
2026-09-28T15:17:44.271779+00:00,ship41,1474643861.333521,8902.825964,-12.544128,79.864355,196771.977774,0
2026-09-28T15:17:55.338265+00:00,ship41,1474643861.333521,8902.825964,-12.544128,79.864355,196771.977774,0
2026-09-28T15:18:07.243120+00:00,ship41,1474643891.334042,8932.826528,-11.626819,81.480637,193463.932852,0
2026-09-28T15:18:18.472874+00:00,ship41,1474643891.334042,8932.826528,-11.626819,81.480637,193463.932852,0
2026-09-28T15:18:29.560795+00:00,ship41,1474643891.334042,8932.826528,-11.626819,81.480637,193463.932852,0
2026-09-28T15:18:40.515315+00:00,ship41,1474643921.33455,8962.827368,-10.606756,83.243962,189806.927845,0
2026-09-28T15:18:51.451132+00:00,ship41,1474643921.33455,8962.827368,-10.606756,83.243962,189806.927845,0
2026-09-28T15:19:03.071331+00:00,ship41,1474643951.335072,8992.827351,-9.653369,84.863441,186410.214075,0
2026-09-28T15:19:14.530936+00:00,ship41,1474643951.335072,8992.827351,-9.653369,84.863441,186410.214075,0
2026-09-28T15:19:25.883592+00:00,ship41,1474643951.335072,8992.827351,-9.653369,84.863441,186410.214075,0
2026-09-28T15:19:37.477637+00:00,ship41,1474643981.335579,9022.828457,-8.651289,86.539581,182862.312484,0
2026-09-28T15:19:48.620521+00:00,ship41,1474643981.335579,9022.828457,-8.651289,86.539581,182862.312484,0
2026-09-28T15:19:59.916544+00:00,ship41,1474643981.335579,9022.828457,-8.651289,86.539581,182862.312484,0
2026-09-28T15:20:12.195206+00:00,ship41,1474644011.336095,9052.828759,-7.582023,88.302526,179103.116268,0
2026-09-28T15:20:23.418575+00:00,ship41,1474644011.336095,9052.828759,-7.582023,88.302526,179103.116268,0
2026-09-28T15:20:34.609526+00:00,ship41,1474644051.336747,9092.829501,-6.274038,90.428795,174541.216304,0
2026-09-28T15:20:46.232361+00:00,ship41,1474644051.336747,9092.829501,-6.274038,90.428795,174541.216304,0
2026-09-28T15:20:57.224897+00:00,ship41,1474644051.336747,9092.829501,-6.274038,90.428795,174541.216304,0
2026-09-28T15:21:08.241828+00:00,ship41,1474644081.337293,9122.83081,-5.186719,92.175454,170782.365198,0
2026-09-28T15:21:19.232192+00:00,ship41,1474644081.337293,9122.83081,-5.186719,92.175454,170782.365198,0
2026-09-28T15:21:30.371205+00:00,ship41,1474644081.337293,9122.83081,-5.186719,92.175454,170782.365198,0
2026-09-28T15:21:41.842653+00:00,ship41,1474644111.337808,9152.830672,-4.15714,93.815315,167248.613225,0
2026-09-28T15:21:52.846559+00:00,ship41,1474644111.337808,9152.830672,-4.15714,93.815315,167248.613225,0
2026-09-28T15:22:03.864396+00:00,ship41,1474644111.337808,9152.830672,-4.15714,93.815315,167248.613225,0
2026-09-28T15:22:14.930306+00:00,ship41,1474644141.338323,9182.831595,-3.107801,95.475719,163679.376259,0
2026-09-28T15:22:26.267663+00:00,ship41,1474644141.338323,9182.831595,-3.107801,95.475719,163679.376259,0
2026-09-28T15:22:37.683858+00:00,ship41,1474644171.338837,9212.832583,-2.118602,97.033429,160341.18146,0
2026-09-28T15:22:48.806315+00:00,ship41,1474644171.338837,9212.832583,-2.118602,97.033429,160341.18146,0
2026-09-28T15:23:00.384751+00:00,ship41,1474644171.338837,9212.832583,-2.118602,97.033429,160341.18146,0
2026-09-28T15:23:11.586664+00:00,ship41,1474644201.339352,9242.833349,-1.046717,98.715921,156757.486388,0
2026-09-28T15:23:22.562986+00:00,ship41,1474644201.339352,9242.833349,-1.046717,98.715921,156757.486388,0
2026-09-28T15:23:33.666635+00:00,ship41,1474644201.339352,9242.833349,-1.046717,98.715921,156757.486388,0
2026-09-28T15:23:44.920608+00:00,ship41,1474644231.339873,9272.833372,-0.01606,100.331071,153343.056398,0
2026-09-28T15:23:56.017810+00:00,ship41,1474644231.339873,9272.833372,-0.01606,100.331071,153343.056398,0
2026-09-28T15:24:07.216573+00:00,ship41,1474644261.340382,9302.833941,1.084469,102.055885,149733.493408,0
2026-09-28T15:24:19.556287+00:00,ship41,1474644261.340382,9302.833941,1.084469,102.055885,149733.493408,0
2026-09-28T15:24:31.486675+00:00,ship41,1474644261.340382,9302.833941,1.084469,102.055885,149733.493408,0
2026-09-28T15:24:42.584197+00:00,ship41,1474644291.340902,9332.834827,2.145769,103.722276,146287.136502,0
2026-09-28T15:24:53.950100+00:00,ship41,1474644291.340902,9332.834827,2.145769,103.722276,146287.136502,0
2026-09-28T15:25:05.668598+00:00,ship41,1474644291.340902,9332.834827,2.145769,103.722276,146287.136502,0
2026-09-28T15:25:16.868179+00:00,ship41,1474644321.341411,9362.835771,3.13876,105.286758,143093.371965,0
2026-09-28T15:25:28.113114+00:00,ship41,1474644321.341411,9362.835771,3.13876,105.286758,143093.371965,0
2026-09-28T15:25:39.760972+00:00,ship41,1474644351.341932,9392.836038,4.247463,107.042658,139567.524952,0
2026-09-28T15:25:51.048803+00:00,ship41,1474644351.341932,9392.836038,4.247463,107.042658,139567.524952,0
2026-09-28T15:26:02.541891+00:00,ship41,1474644351.341932,9392.836038,4.247463,107.042658,139567.524952,0
2026-09-28T15:26:13.732708+00:00,ship41,1474644381.342439,9422.836557,5.252433,108.645363,136407.400269,0
2026-09-28T15:26:24.778363+00:00,ship41,1474644381.342439,9422.836557,5.252433,108.645363,136407.400269,0
2026-09-28T15:26:35.792952+00:00,ship41,1474644381.342439,9422.836557,5.252433,108.645363,136407.400269,0
2026-09-28T15:26:47.064225+00:00,ship41,1474644411.34296,9452.837055,6.324326,110.369593,133075.290486,0
2026-09-28T15:26:58.180674+00:00,ship41,1474644411.34296,9452.837055,6.324326,110.369593,133075.290486,0
2026-09-28T15:27:09.534593+00:00,ship41,1474644441.343467,9482.838353,7.31615,111.981512,130027.467375,0
2026-09-28T15:27:21.467200+00:00,ship41,1474644441.343467,9482.838353,7.31615,111.981512,130027.467375,0
2026-09-28T15:27:35.391208+00:00,ship41,1474644441.343467,9482.838353,7.31615,111.981512,130027.467375,0
2026-09-28T15:27:47.328785+00:00,ship41,1474644471.343989,9512.838538,8.366609,113.709336,126839.232761,0
2026-09-28T15:27:58.938524+00:00,ship41,1474644471.343989,9512.838538,8.366609,113.709336,126839.232761,0
2026-09-28T15:28:10.438838+00:00,ship41,1474644471.343989,9512.838538,8.366609,113.709336,126839.232761,0
2026-09-28T15:28:21.721334+00:00,ship41,1474644501.344497,9542.839684,9.373308,115.388389,123824.879471,0
2026-09-28T15:28:33.159466+00:00,ship41,1474644501.344497,9542.839684,9.373308,115.388389,123824.879471,0
2026-09-28T15:28:44.970742+00:00,ship41,1474644531.345017,9572.840029,10.444417,117.203784,120660.533961,0
2026-09-28T15:28:56.247792+00:00,ship41,1474644531.345017,9572.840029,10.444417,117.203784,120660.533961,0
2026-09-28T15:29:07.619087+00:00,ship41,1474644531.345017,9572.840029,10.444417,117.203784,120660.533961,0
2026-09-28T15:29:18.993539+00:00,ship41,1474644571.345702,9612.841357,11.781127,119.518078,116779.211556,0
2026-09-28T15:29:30.112970+00:00,ship41,1474644571.345702,9612.841357,11.781127,119.518078,116779.211556,0
2026-09-28T15:29:41.276229+00:00,ship41,1474644571.345702,9612.841357,11.781127,119.518078,116779.211556,0
2026-09-28T15:29:52.671937+00:00,ship41,1474644601.34621,9642.841999,12.770966,121.272156,113953.089966,0
2026-09-28T15:30:04.049029+00:00,ship41,1474644601.34621,9642.841999,12.770966,121.272156,113953.089966,0
2026-09-28T15:30:15.329633+00:00,ship41,1474644631.346724,9672.842135,13.747489,123.041268,111208.996208,0
2026-09-28T15:30:26.636170+00:00,ship41,1474644631.346724,9672.842135,13.747489,123.041268,111208.996208,0
2026-09-28T15:30:37.918976+00:00,ship41,1474644631.346724,9672.842135,13.747489,123.041268,111208.996208,0
2026-09-28T15:30:50.092449+00:00,ship41,1474644661.347238,9702.843286,14.711381,124.829984,108540.119288,0
2026-09-28T15:31:02.401011+00:00,ship41,1474644661.347238,9702.843286,14.711381,124.829984,108540.119288,0
2026-09-28T15:31:14.032885+00:00,ship41,1474644661.347238,9702.843286,14.711381,124.829984,108540.119288,0
2026-09-28T15:31:25.553281+00:00,ship41,1474644691.347751,9732.843419,15.658781,126.634495,105961.642511,0
2026-09-28T15:31:37.050611+00:00,ship41,1474644691.347751,9732.843419,15.658781,126.634495,105961.642511,0
2026-09-28T15:31:48.498800+00:00,ship41,1474644721.348265,9762.844105,16.591524,128.461769,103461.878091,0
2026-09-28T15:31:59.918590+00:00,ship41,1474644721.348265,9762.844105,16.591524,128.461769,103461.878091,0
2026-09-28T15:32:11.366090+00:00,ship41,1474644721.348265,9762.844105,16.591524,128.461769,103461.878091,0
2026-09-28T15:32:23.036432+00:00,ship41,1474644751.34875,9792.844643,17.503957,130.304226,101059.975863,0
2026-09-28T15:32:34.637553+00:00,ship41,1474644751.34875,9792.844643,17.503957,130.304226,101059.975863,0
2026-09-28T15:32:46.088622+00:00,ship41,1474644781.349294,9822.845316,18.398299,132.169745,98745.170319,0
2026-09-28T15:32:57.980719+00:00,ship41,1474644781.349294,9822.845316,18.398299,132.169745,98745.170319,0
2026-09-28T15:33:09.278625+00:00,ship41,1474644781.349294,9822.845316,18.398299,132.169745,98745.170319,0
2026-09-28T15:33:20.516188+00:00,ship41,1474644811.349814,9852.84601,19.27198,134.056725,96525.96484,0
2026-09-28T15:33:32.101027+00:00,ship41,1474644811.349814,9852.84601,19.27198,134.056725,96525.96484,0
2026-09-28T15:33:43.790893+00:00,ship41,1474644811.349814,9852.84601,19.27198,134.056725,96525.96484,0
2026-09-28T15:33:55.847796+00:00,ship41,1474644841.350322,9882.847156,20.124117,135.967005,94399.505924,0
2026-09-28T15:34:07.932363+00:00,ship41,1474644841.350322,9882.847156,20.124117,135.967005,94399.505924,0
2026-09-28T15:34:19.032623+00:00,ship41,1474644871.350843,9912.847339,20.953731,137.902347,92369.811816,0
2026-09-28T15:34:30.538359+00:00,ship41,1474644871.350843,9912.847339,20.953731,137.902347,92369.811816,0
2026-09-28T15:34:41.720716+00:00,ship41,1474644871.350843,9912.847339,20.953731,137.902347,92369.811816,0
2026-09-28T15:34:53.086356+00:00,ship41,1474644901.35135,9942.84848,21.755968,139.855069,90450.346014,0
2026-09-28T15:35:05.265123+00:00,ship41,1474644901.35135,9942.84848,21.755968,139.855069,90450.346014,0
2026-09-28T15:35:17.798118+00:00,ship41,1474644901.35135,9942.84848,21.755968,139.855069,90450.346014,0
2026-09-28T15:35:29.080072+00:00,ship41,1474644931.351871,9972.848551,22.530485,141.827565,88633.827778,0
2026-09-28T15:35:40.394489+00:00,ship41,1474644931.351871,9972.848551,22.530485,141.827565,88633.827778,0
2026-09-28T15:35:51.961642+00:00,ship41,1474644961.352378,10002.84927,23.27924,143.828776,86921.25861,0
2026-09-28T15:36:03.491522+00:00,ship41,1474644961.352378,10002.84927,23.27924,143.828776,86921.25861,0
2026-09-28T15:36:14.980003+00:00,ship41,1474644961.352378,10002.84927,23.27924,143.828776,86921.25861,0
2026-09-28T15:36:26.188271+00:00,ship41,1474644991.352899,10032.850388,23.996432,145.84752,85324.801463,0
2026-09-28T15:36:37.405352+00:00,ship41,1474644991.352899,10032.850388,23.996432,145.84752,85324.801463,0#
2026-09-28T15:37:05.235288+00:00,ship41,1474645021.353406,10062.850556,24.682934,147.889649,83834.397357,0
2026-09-28T15:37:16.538477+00:00,ship41,1474645021.353406,10062.850556,24.682934,147.889649,83834.397357,0
2026-09-28T15:37:27.996992+00:00,ship41,1474645061.354092,10102.851415,25.545458,150.640932,82061.724745,0
2026-09-28T15:37:39.530698+00:00,ship41,1474645061.354092,10102.851415,25.545458,150.640932,82061.724745,0
2026-09-28T15:37:50.683963+00:00,ship41,1474645061.354092,10102.851415,25.545458,150.640932,82061.724745,0
2026-09-28T15:38:02.015758+00:00,ship41,1474645091.354606,10132.852058,26.151838,152.727599,80903.470508,0
2026-09-28T15:38:13.303575+00:00,ship41,1474645091.354606,10132.852058,26.151838,152.727599,80903.470508,0
2026-09-28T15:38:24.806534+00:00,ship41,1474645121.35512,10162.853173,26.720648,154.828248,79879.917983,0
2026-09-28T15:38:36.243348+00:00,ship41,1474645121.35512,10162.853173,26.720648,154.828248,79879.917983,0
2026-09-28T15:38:47.904360+00:00,ship41,1474645121.35512,10162.853173,26.720648,154.828248,79879.917983,0
2026-09-28T15:39:00.286446+00:00,ship41,1474645151.355634,10192.85331,27.250284,156.939782,78966.587144,0
2026-09-28T15:39:11.876283+00:00,ship41,1474645151.355634,10192.85331,27.250284,156.939782,78966.587144,0
2026-09-28T15:39:23.050759+00:00,ship41,1474645151.355634,10192.85331,27.250284,156.939782,78966.587144,0
2026-09-28T15:39:35.070728+00:00,ship41,1474645181.356148,10222.854028,27.740504,159.064386,78135.485247,0
2026-09-28T15:39:46.225939+00:00,ship41,1474645181.356148,10222.854028,27.740504,159.064386,78135.485247,0
2026-09-28T15:39:57.343431+00:00,ship41,1474645211.356664,10252.854635,28.189527,161.197342,77377.323761,0
2026-09-28T15:40:08.498341+00:00,ship41,1474645211.356664,10252.854635,28.189527,161.197342,77377.323761,0
2026-09-28T15:40:19.698173+00:00,ship41,1474645211.356664,10252.854635,28.189527,161.197342,77377.323761,0
2026-09-28T15:40:31.231692+00:00,ship41,1474645241.357177,10282.855273,28.596297,163.335418,76636.8433,0
2026-09-28T15:40:42.306081+00:00,ship41,1474645241.357177,10282.855273,28.596297,163.335418,76636.8433,0
2026-09-28T15:40:53.850404+00:00,ship41,1474645241.357177,10282.855273,28.596297,163.335418,76636.8433,0
2026-09-28T15:41:05.300743+00:00,ship41,1474645271.357694,10312.856472,28.960191,165.476753,75841.411058,0
2026-09-28T15:41:17.010480+00:00,ship41,1474645271.357694,10312.856472,28.960191,165.476753,75841.411058,0
2026-09-28T15:41:28.330400+00:00,ship41,1474645301.358204,10342.856526,29.280043,167.61432,74910.802366,0
2026-09-28T15:41:39.766696+00:00,ship41,1474645301.358204,10342.856526,29.280043,167.61432,74910.802366,0
2026-09-28T15:41:51.463931+00:00,ship41,1474645301.358204,10342.856526,29.280043,167.61432,74910.802366,0
2026-09-28T15:42:05.337884+00:00,ship41,1474645331.358725,10372.857216,29.555887,169.749928,73836.76757,0
2026-09-28T15:42:17.011955+00:00,ship41,1474645331.358725,10372.857216,29.555887,169.749928,73836.76757,0
2026-09-28T15:42:28.074584+00:00,ship41,1474645331.358725,10372.857216,29.555887,169.749928,73836.76757,0
2026-09-28T15:42:39.123134+00:00,ship41,1474645361.359232,10402.858361,29.786655,171.880389,72693.276035,0
2026-09-28T15:42:50.271615+00:00,ship41,1474645361.359232,10402.858361,29.786655,171.880389,72693.276035,0
2026-09-28T15:43:01.641476+00:00,ship41,1474645391.359751,10432.858581,29.971313,174.000574,71540.408776,0
2026-09-28T15:43:13.270667+00:00,ship41,1474645391.359751,10432.858581,29.971313,174.000574,71540.408776,0
2026-09-28T15:43:24.455300+00:00,ship41,1474645391.359751,10432.858581,29.971313,174.000574,71540.408776,0
2026-09-28T15:43:36.680912+00:00,ship41,1474645421.360261,10462.859144,30.109205,176.101384,70382.010222,0
2026-09-28T15:43:48.373847+00:00,ship41,1474645421.360261,10462.859144,30.109205,176.101384,70382.010222,0
2026-09-28T15:43:59.448052+00:00,ship41,1474645421.360261,10462.859144,30.109205,176.101384,70382.010222,0
2026-09-28T15:44:11.020681+00:00,ship41,1474645461.360952,10502.860088,30.220445,178.874058,68913.456803,0
2026-09-28T15:44:22.386535+00:00,ship41,1474645461.360952,10502.860088,30.220445,178.874058,68913.456803,0
2026-09-28T15:44:33.909205+00:00,ship41,1474645491.361461,10532.860723,30.249148,-179.082948,67873.636643,0
2026-09-28T15:44:45.141435+00:00,ship41,1474645491.361461,10532.860723,30.249148,-179.082948,67873.636643,0
2026-09-28T15:44:56.354687+00:00,ship41,1474645491.361461,10532.860723,30.249148,-179.082948,67873.636643,0
2026-09-28T15:45:07.477992+00:00,ship41,1474645521.361981,10562.861298,30.231769,-177.078925,66853.261871,0
2026-09-28T15:45:18.641858+00:00,ship41,1474645521.361981,10562.861298,30.231769,-177.078925,66853.261871,0
2026-09-28T15:45:29.857476+00:00,ship41,1474645521.361981,10562.861298,30.231769,-177.078925,66853.261871,0
2026-09-28T15:45:41.697128+00:00,ship41,1474645551.362488,10592.861937,30.169277,-175.115242,65830.770009,0
2026-09-28T15:45:54.560252+00:00,ship41,1474645551.362488,10592.861937,30.169277,-175.115242,65830.770009,0
2026-09-28T15:46:08.316506+00:00,ship41,1474645581.363007,10622.862666,30.063814,-173.198924,64768.602059,0
2026-09-28T15:46:23.736246+00:00,ship41,1474645581.363007,10622.862666,30.063814,-173.198924,64768.602059,0
2026-09-28T15:46:37.699878+00:00,ship41,1474645611.363517,10652.863305,29.919889,-171.342547,63640.440161,0
2026-09-28T15:46:49.703210+00:00,ship41,1474645611.363517,10652.863305,29.919889,-171.342547,63640.440161,0
2026-09-28T15:47:04.763888+00:00,ship41,1474645611.363517,10652.863305,29.919889,-171.342547,63640.440161,0
2026-09-28T15:47:18.420174+00:00,ship41,1474645641.364038,10682.863957,29.740666,-169.550382,62387.894584,0
2026-09-28T15:47:31.957060+00:00,ship41,1474645641.364038,10682.863957,29.740666,-169.550382,62387.894584,0
2026-09-28T15:47:44.885843+00:00,ship41,1474645671.364545,10712.864598,29.526635,-167.828879,61287.966258,0
2026-09-28T15:47:58.881032+00:00,ship41,1474645671.364545,10712.864598,29.526635,-167.828879,61287.966258,0
2026-09-28T15:48:11.562396+00:00,ship41,1474645701.365059,10742.865235,29.284773,-166.18759,59703.812145,0
2026-09-28T15:48:24.765010+00:00,ship41,1474645701.365059,10742.865235,29.284773,-166.18759,59703.812145,0
2026-09-28T15:48:37.959596+00:00,ship41,1474645731.365573,10772.865884,29.017793,-164.634071,57973.274995,0
2026-09-28T15:48:52.298866+00:00,ship41,1474645731.365573,10772.865884,29.017793,-164.634071,57973.274995,0
2026-09-28T15:49:05.073722+00:00,ship41,1474645731.365573,10772.865884,29.017793,-164.634071,57973.274995,0
2026-09-28T15:49:18.279711+00:00,ship41,1474645761.366086,10802.866527,28.736053,-163.178266,56471.69163,0
2026-09-28T15:49:30.505067+00:00,ship41,1474645761.366086,10802.866527,28.736053,-163.178266,56471.69163,0
2026-09-28T15:49:43.798920+00:00,ship41,1474645791.366601,10832.867176,28.449754,-161.832496,55011.181682,0
2026-09-28T15:49:56.478324+00:00,ship41,1474645791.366601,10832.867176,28.449754,-161.832496,55011.181682,0
2026-09-28T15:50:08.148530+00:00,ship41,1474645791.366601,10832.867176,28.449754,-161.832496,55011.181682,0
2026-09-28T15:50:19.696356+00:00,ship41,1474645831.367287,10872.868037,28.067328,-160.230842,51725.026393,0
2026-09-28T15:50:31.764344+00:00,ship41,1474645831.367287,10872.868037,28.067328,-160.230842,51725.026393,0
2026-09-28T15:50:44.032587+00:00,ship41,1474645861.367808,10902.868689,27.769335,-159.165557,48949.2097,0
2026-09-28T15:50:56.460579+00:00,ship41,1474645861.367808,10902.868689,27.769335,-159.165557,48949.2097,0
2026-09-28T15:51:08.700050+00:00,ship41,1474645861.367808,10902.868689,27.769335,-159.165557,48949.2097,0
2026-09-28T15:51:21.258330+00:00,ship41,1474645891.368316,10932.86933,27.45905,-158.225844,46298.415177,0
2026-09-28T15:51:33.303320+00:00,ship41,1474645891.368316,10932.86933,27.45905,-158.225844,46298.415177,0
2026-09-28T15:51:46.236919+00:00,ship41,1474645921.368829,10962.870032,27.141157,-157.423408,44026.308393,0
2026-09-28T15:51:58.877355+00:00,ship41,1474645921.368829,10962.870032,27.141157,-157.423408,44026.308393,0
2026-09-28T15:52:10.903837+00:00,ship41,1474645921.368829,10962.870032,27.141157,-157.423408,44026.308393,0
2026-09-28T15:52:22.619920+00:00,ship41,1474645951.369344,10992.870658,26.823304,-156.759921,41832.912816,0
2026-09-28T15:52:35.014889+00:00,ship41,1474645951.369344,10992.870658,26.823304,-156.759921,41832.912816,0
2026-09-28T15:52:48.073433+00:00,ship41,1474645981.369864,11022.871289,26.513358,-156.230098,39332.183715,0
2026-09-28T15:53:03.081623+00:00,ship41,1474645981.369864,11022.871289,26.513358,-156.230098,39332.183715,0
2026-09-28T15:53:14.546640+00:00,ship41,1474645981.369864,11022.871289,26.513358,-156.230098,39332.183715,0
2026-09-28T15:53:26.209287+00:00,ship41,1474646011.370371,11052.871984,26.221884,-155.829454,36336.427511,0
2026-09-28T15:53:38.285801+00:00,ship41,1474646011.370371,11052.871984,26.221884,-155.829454,36336.427511,0
2026-09-28T15:53:50.461152+00:00,ship41,1474646041.370886,11082.87264,25.962681,-155.554995,32893.147964,0
2026-09-28T15:54:02.202619+00:00,ship41,1474646041.370886,11082.87264,25.962681,-155.554995,32893.147964,0
2026-09-28T15:54:15.768936+00:00,ship41,1474646041.370886,11082.87264,25.962681,-155.554995,32893.147964,0
2026-09-28T15:54:27.483659+00:00,ship41,1474646071.371399,11112.873287,25.747831,-155.398336,28687.392623,0
2026-09-28T15:54:39.286314+00:00,ship41,1474646071.371399,11112.873287,25.747831,-155.398336,28687.392623,0
2026-09-28T15:55:56.427152+00:00,ship41,1474646161.372946,11202.875211,25.52597,-155.40186,11576.2716,0
2026-09-28T15:56:09.071530+00:00,ship41,1474646161.372946,11202.875211,25.52597,-155.40186,11576.2716,0
2026-09-28T15:56:22.016490+00:00,ship41,1474646191.373456,11232.875379,25.517974,-155.414776,7165.683172,0
2026-09-28T15:56:34.852818+00:00,ship41,1474646191.373456,11232.875379,25.517974,-155.414776,7165.683172,0
2026-09-28T15:56:47.186426+00:00,ship41,1474646191.373456,11232.875379,25.517974,-155.414776,7165.683172,0
2026-09-28T15:56:59.996295+00:00,ship41,1474646221.373976,11262.876496,25.510706,-155.425823,3591.476825,0
2026-09-28T15:57:12.397421+00:00,ship41,1474646221.373976,11262.876496,25.510706,-155.425823,3591.476825,0
2026-09-28T15:57:24.775779+00:00,ship41,1474646251.374485,11292.877137,25.502152,-155.427051,558.116406,0
2026-09-28T15:57:36.726419+00:00,ship41,1474646251.374485,11292.877137,25.502152,-155.427051,558.116406,0
2026-09-28T15:57:48.545256+00:00,ship41,1474646251.374485,11292.877137,25.502152,-155.427051,558.116406,0
2026-09-28T15:58:00.272065+00:00,ship41,1474646281.374999,11322.877947,25.499295,-155.427536,-2.439659,0
